1,1,1,1,1,1,1,1,1,0,0,0,0,0,0,0,0,0
1,1,1,1,1,1,1,1,1,3.1405e-07,-4.9684e-07,-1.6968e-07,-2.7263e-07,-5.8252e-07,2.1184e-06,-7.9057e-06,-3.3884e-07,-4.4111e-07
1,1,1,1,1,1,1,1,1,9.4215e-07,-1.4905e-06,-5.0905e-07,-8.179e-07,-1.7476e-06,6.3553e-06,-2.3717e-05,-1.0165e-06,-1.3233e-06
1,1,1,1,1,1,1,1,1,2.1983e-06,-3.4779e-06,-1.1878e-06,-1.9084e-06,-4.0777e-06,1.4829e-05,-5.534e-05,-2.3719e-06,-3.0878e-06
1,1,1,1,1,1,1,1,1,4.7107e-06,-7.4527e-06,-2.5452e-06,-4.0895e-06,-8.7378e-06,3.1777e-05,-0.00011859,-5.0825e-06,-6.6166e-06
1,1,1,1,1,1,1,1,1,9.7355e-06,-1.5402e-05,-5.2601e-06,-8.4516e-06,-1.8058e-05,6.5672e-05,-0.00024508,-1.0504e-05,-1.3674e-05
1,1,1,1,1,1,1,1,1,1.9785e-05,-3.1301e-05,-1.069e-05,-1.7176e-05,-3.6699e-05,0.00013346,-0.00049806,-2.1347e-05,-2.779e-05
1,1,1,1,1,1,1,1,1,3.9884e-05,-6.3099e-05,-2.155e-05,-3.4624e-05,-7.398e-05,0.00026904,-0.001004,-4.3032e-05,-5.6021e-05
1,1,1,1,1,1,1,1,1,8.0083e-05,-0.0001267,-4.3269e-05,-6.9522e-05,-0.00014854,0.0005402,-0.002016,-8.6403e-05,-0.00011248
1,1,1,1,1,1,1,1,1,0.00016048,-0.00025389,-8.6707e-05,-0.00013932,-0.00029767,0.0010825,-0.0040398,-0.00017315,-0.00022541
1,1,1,1,1,1,1,1,1,0.00032127,-0.00050827,-0.00017358,-0.0002789,-0.00059592,0.0021672,-0.0080875,-0.00034663,-0.00045125
1,1,1,1,1,1,1,1,1,0.00064286,-0.001017,-0.00034734,-0.00055808,-0.0011924,0.0043365,-0.016183,-0.00069359,-0.00090295
1,1,1,1,1,1,0.99999,1,1,0.001286,-0.0020346,-0.00069485,-0.0011164,-0.0023854,0.0086751,-0.032374,-0.0013875,-0.0018063
1,1,1,1,1,1,0.99995,1,1,0.0025724,-0.0040697,-0.0013899,-0.0022332,-0.0047716,0.017352,-0.064756,-0.0027751,-0.003613
1,0.99999,1,0.99999,0.99999,1.0001,0.99981,0.99999,0.99999,0.0051453,-0.0081399,-0.0027801,-0.0044674,-0.0095446,0.034707,-0.12952,-0.0055491,-0.0072259
1,0.99995,0.99998,0.99997,0.99994,1.0002,0.99922,0.99997,0.99996,0.010293,-0.016281,-0.0055616,-0.0089399,-0.019097,0.069423,-0.25906,-0.011086,-0.014447
1.0001,0.9998,0.99993,0.99989,0.99977,1.0008,0.99688,0.99987,0.99983,0.020599,-0.032568,-0.011133,-0.017919,-0.03825,0.13889,-0.51824,-0.022072,-0.028855
1.0005,0.99922,0.99973,0.99957,0.99908,1.0033,0.98752,0.99947,0.99931,0.041303,-0.065177,-0.022343,-0.036148,-0.076945,0.27816,-1.0373,-0.043339,-0.057394
1.002,0.99686,0.99892,0.99824,0.99627,1.0134,0.94999,0.99796,0.99726,0.083454,-0.13069,-0.045311,-0.074766,-0.15748,0.55933,-2.0816,-0.080187,-0.11219
1.0045,0.99292,0.99754,0.99593,0.99143,1.0303,0.88715,0.99572,0.99395,0.12733,-0.19689,-0.069555,-0.11825,-0.24532,0.84664,-3.1402,-0.10375,-0.16148
1.0081,0.98737,0.99555,0.99249,0.98436,1.0543,0.79857,0.99313,0.98955,0.1739,-0.26417,-0.095797,-0.16883,-0.34447,1.1436,-4.2216,-0.10658,-0.20158
1.0129,0.98018,0.9929,0.98772,0.97472,1.0855,0.68357,0.99082,0.98435,0.22425,-0.33299,-0.12488,-0.22857,-0.45937,1.4543,-5.3359,-0.080059,-0.22744
1.019,0.97131,0.98951,0.98139,0.96207,1.1245,0.54122,0.98959,0.97877,0.27975,-0.40393,-0.15784,-0.29923,-0.59513,1.7835,-6.4957,-0.013647,-0.23157
1.0265,0.9607,0.98526,0.97321,0.94584,1.1716,0.37025,0.99058,0.97346,0.34222,-0.47773,-0.19607,-0.38228,-0.75778,2.1373,-7.7164,0.10618,-0.20251
1.0346,0.9496,0.98058,0.96401,0.92757,1.2216,0.19051,0.99459,0.96973,0.40654,-0.54742,-0.23661,-0.46846,-0.93326,2.4827,-8.8825,0.27452,-0.13342
1.0442,0.93695,0.97495,0.95283,0.90514,1.2795,-0.015341,1.003,0.96811,0.48143,-0.62113,-0.28513,-0.56564,-1.1433,2.86,-10.128,0.51825,-0.0037281
1.0496,0.93001,0.97171,0.94641,0.89211,1.3115,-0.12863,1.0095,0.96856,0.52409,-0.65982,-0.31332,-0.6181,-1.2638,3.0625,-10.786,0.67531,0.092174
1.0555,0.92264,0.96814,0.93942,0.87771,1.3459,-0.24918,1.0178,0.9702,0.57114,-0.69993,-0.3448,-0.67275,-1.3963,3.2752,-11.468,0.86027,0.2145
1.0691,0.90656,0.95989,0.92362,0.84423,1.4217,-0.51315,1.0412,0.97832,0.68207,-0.7849,-0.42046,-0.78598,-1.7027,3.7325,-12.909,1.3292,0.56007
1.0853,0.88857,0.94975,0.90537,0.80344,1.5079,-0.80937,1.0765,0.99576,0.8237,-0.87665,-0.51936,-0.89585,-2.0736,4.2294,-14.441,1.9575,1.0838
1.1051,0.86852,0.93713,0.88495,0.75382,1.6052,-1.1395,1.1275,1.027,1.0092,-0.97463,-0.65189,-0.98245,-2.5169,4.7493,-16.025,2.7749,1.846
1.1295,0.8463,0.92115,0.86321,0.69382,1.7137,-1.5038,1.1983,1.078,1.2545,-1.0761,-0.83145,-1.0099,-3.0288,5.2528,-17.585,3.7947,2.9071
1.16,0.82189,0.90064,0.84201,0.62223,1.8323,-1.9007,1.2933,1.1555,1.575,-1.1756,-1.0723,-0.92357,-3.5792,5.6725,-19.029,4.9925,4.3038
1.1984,0.79542,0.87415,0.82454,0.5389,1.9583,-2.3272,1.4154,1.2669,1.9768,-1.2654,-1.3837,-0.65202,-4.0977,5.9142,-20.308,6.2794,6.0053
1.2462,0.76718,0.84018,0.81566,0.44573,2.0865,-2.7801,1.5648,1.4169,2.445,-1.3362,-1.7601,-0.11932,-4.4644,5.8619,-21.46,7.4664,7.8334
1.274,0.75256,0.82001,0.81636,0.39685,2.1492,-3.0157,1.6483,1.5064,2.6899,-1.3609,-1.9635,0.25917,-4.5445,5.6903,-22.025,7.9265,8.6727
1.3045,0.73772,0.79762,0.82153,0.34757,2.2094,-3.2575,1.736,1.6043,2.9307,-1.3762,-2.1687,0.70478,-4.5349,5.4153,-22.614,8.2315,9.3658
1.3375,0.72278,0.77303,0.83179,0.29891,2.2662,-3.506,1.8259,1.7086,3.158,-1.3805,-2.3684,1.1915,-4.4314,5.0545,-23.261,8.3302,9.8319
1.4103,0.69307,0.71768,0.86756,0.20709,2.3674,-4.0272,2.0022,1.9241,3.5469,-1.3531,-2.7286,2.0351,-3.9957,4.3268,-24.943,7.7366,9.8118
1.4423,0.6812,0.69297,0.88623,0.17273,2.4051,-4.2518,2.0682,2.0091,3.6775,-1.3295,-2.8567,2.1397,-3.7708,4.2303,-25.865,7.1446,9.3748
1.4753,0.66957,0.66717,0.90439,0.14038,2.4432,-4.4852,2.1279,2.0891,3.7944,-1.3014,-2.9751,1.8673,-3.5458,4.4993,-26.958,6.3295,8.6715
1.5094,0.65819,0.64036,0.91709,0.10996,2.4868,-4.7291,2.1794,2.1617,3.9021,-1.2711,-3.0869,0.78738,-3.3374,5.5714,-28.207,5.28,7.7
1.5268,0.6526,0.62659,0.91827,0.095412,2.5137,-4.8553,2.2014,2.1945,3.9546,-1.256,-3.1419,-0.36407,-3.2431,6.7186,-28.871,4.6648,7.115
1.5355,0.64983,0.61961,0.91658,0.08829,2.5295,-4.9195,2.2114,2.2099,3.9809,-1.2484,-3.1695,-1.2045,-3.1985,7.5569,-29.208,4.3344,6.7984
1.5532,0.64434,0.60547,0.90618,0.074336,2.568,-5.0501,2.229,2.2385,4.0344,-1.2335,-3.2255,-3.7384,-3.1132,10.087,-29.879,3.6288,6.1187
1.5712,0.63892,0.59108,0.88071,0.060755,2.6215,-5.1837,2.2434,2.2639,4.09,-1.2188,-3.2832,-8.2684,-3.0272,14.612,-30.528,2.8649,5.3802
1.5876,0.6341,0.57791,0.83435,0.048882,2.6931,-5.3063,2.2534,2.2839,4.1426,-1.2055,-3.3373,-15.899,-2.9339,22.239,-31.073,2.1305,4.6694
1.6025,0.6298,0.56586,0.75653,0.038582,2.7936,-5.4184,2.2598,2.2994,4.1927,-1.1933,-3.3883,-29.181,-2.8034,35.517,-31.517,1.4345,3.9962
1.6176,0.62555,0.55363,0.60944,0.028941,2.9634,-5.5321,2.2636,2.3125,4.2458,-1.1806,-3.4418,-56.779,-2.5377,63.112,-31.903,0.70935,3.2955
1.6314,0.62176,0.54245,0.35183,0.021536,3.2414,-5.6354,2.2648,2.3221,4.2962,-1.1687,-3.4922,-108.02,-1.949,114.34,-32.189,0.035032,2.6443
1.6377,0.62007,0.53737,0.17097,0.019044,3.4315,-5.6822,2.2646,2.3257,4.3197,-1.1631,-3.5155,-140.52,-1.4528,146.84,-32.298,-0.27381,2.3465
1.6439,0.61839,0.53225,-0.056214,0.017422,3.6678,-5.7291,2.264,2.3289,4.3437,-1.1573,-3.5393,-170.15,-0.76074,176.48,-32.392,-0.58535,2.0463
1.6503,0.61671,0.5271,-0.31315,0.016921,3.9339,-5.7761,2.2629,2.3317,4.3684,-1.1513,-3.5637,-182.01,0.069113,188.33,-32.472,-0.89882,1.7448
1.6518,0.6163,0.52581,-0.379,0.016985,4.0021,-5.7879,2.2626,2.3323,4.3747,-1.1497,-3.5698,-180.87,0.28562,187.19,-32.49,-0.97762,1.6689
1.655,0.61546,0.52321,-0.508,0.017347,4.1357,-5.8115,2.2618,2.3334,4.3873,-1.1466,-3.5822,-173.72,0.70738,180.05,-32.523,-1.1356,1.5168
1.6582,0.61463,0.52061,-0.62985,0.018004,4.2621,-5.8351,2.2609,2.3345,4.4,-1.1434,-3.5948,-161.41,1.0977,167.73,-32.552,-1.294,1.3643
1.6614,0.6138,0.518,-0.74145,0.018929,4.3783,-5.8587,2.26,2.3354,4.4129,-1.1402,-3.6074,-146,1.4436,152.33,-32.577,-1.4527,1.2115
1.6646,0.61298,0.51538,-0.84135,0.020087,4.4828,-5.8824,2.2588,2.3362,4.4259,-1.1369,-3.6201,-129.51,1.7409,135.83,-32.599,-1.6118,1.0584
1.6678,0.61215,0.51275,-0.92938,0.021443,4.5754,-5.906,2.2576,2.3369,4.4391,-1.1336,-3.633,-113.4,1.9913,119.72,-32.617,-1.771,0.90501
1.671,0.61133,0.51011,-1.0062,0.022965,4.6568,-5.9297,2.2563,2.3375,4.4524,-1.1301,-3.646,-98.556,2.2002,104.87,-32.631,-1.9305,0.75145
1.6743,0.61052,0.50746,-1.0728,0.024626,4.728,-5.9533,2.2548,2.338,4.4658,-1.1267,-3.659,-85.361,2.3737,91.679,-32.641,-2.0901,0.59774
1.6775,0.6097,0.5048,-1.1304,0.026402,4.7902,-5.977,2.2532,2.3384,4.4793,-1.1231,-3.6722,-73.892,2.5183,80.209,-32.647,-2.2498,0.44394
1.6808,0.60889,0.50213,-1.1804,0.028274,4.8447,-6.0007,2.2515,2.3387,4.4929,-1.1195,-3.6855,-64.048,2.6395,70.364,-32.65,-2.4094,0.2901
1.684,0.60808,0.49945,-1.2237,0.030227,4.8926,-6.0244,2.2497,2.3388,4.5067,-1.1158,-3.6989,-55.652,2.7422,61.967,-32.649,-2.569,0.13626
1.6906,0.60646,0.49407,-1.2943,0.03433,4.9724,-6.0717,2.2458,2.3388,4.5346,-1.1081,-3.7259,-42.43,2.9064,48.743,-32.636,-2.8878,-0.17123
1.6972,0.60486,0.48864,-1.3485,0.038642,5.0357,-6.1191,2.2414,2.3383,4.5628,-1.1002,-3.7533,-32.813,3.0327,39.125,-32.607,-3.2056,-0.47809
1.7038,0.60327,0.48318,-1.3907,0.043118,5.0871,-6.1664,2.2365,2.3374,4.5915,-1.0919,-3.781,-25.717,3.1353,32.027,-32.565,-3.5221,-0.78408
1.7105,0.60169,0.47767,-1.424,0.047731,5.1296,-6.2136,2.2311,2.3361,4.6206,-1.0834,-3.8091,-20.402,3.2223,26.711,-32.508,-3.8366,-1.0887
1.7172,0.60013,0.47212,-1.4506,0.052463,5.1652,-6.2607,2.2254,2.3343,4.6499,-1.0744,-3.8374,-16.354,3.299,22.662,-32.438,-4.1487,-1.3916
1.7308,0.59704,0.46091,-1.4892,0.062237,5.2222,-6.3545,2.2124,2.3294,4.7094,-1.0556,-3.8947,-10.773,3.4346,17.08,-32.258,-4.7638,-1.9909
1.7422,0.59452,0.45148,-1.5112,0.070623,5.2594,-6.4319,2.2004,2.324,4.7593,-1.039,-3.9427,-7.7619,3.5375,14.067,-32.074,-5.2623,-2.4794
1.7526,0.59229,0.4429,-1.5258,0.078377,5.2876,-6.5011,2.1885,2.3181,4.8045,-1.0232,-3.9861,-5.8309,3.6267,12.134,-31.883,-5.7005,-2.9116
1.763,0.59009,0.43423,-1.5367,0.086322,5.3122,-6.5699,2.1757,2.3114,4.8498,-1.0068,-4.0297,-4.4033,3.7147,10.706,-31.67,-6.1275,-3.3355
1.7736,0.58793,0.42546,-1.5451,0.094457,5.3341,-6.6382,2.162,2.3037,4.8951,-0.98962,-4.0732,-3.3345,3.8023,9.6364,-31.439,-6.542,-3.7504
1.7842,0.58581,0.4166,-1.5514,0.10278,5.3541,-6.706,2.1474,2.2951,4.9402,-0.97182,-4.1165,-2.5274,3.8902,8.8285,-31.192,-6.9428,-4.1554
1.7949,0.58372,0.40764,-1.5561,0.1113,5.3725,-6.7732,2.1319,2.2857,4.985,-0.95343,-4.1596,-1.9151,3.9785,8.2153,-30.931,-7.3289,-4.5497
1.8058,0.58168,0.39859,-1.5597,0.12,5.3897,-6.8399,2.1157,2.2755,5.0293,-0.93447,-4.2022,-1.4502,4.0674,7.7494,-30.659,-7.6993,-4.9326
1.8167,0.57968,0.38945,-1.5625,0.12891,5.4061,-6.9059,2.0986,2.2644,5.073,-0.91501,-4.2442,-1.0988,4.1569,7.3966,-30.378,-8.0532,-5.3034
1.8277,0.57772,0.38022,-1.5646,0.138,5.4218,-6.9714,2.0808,2.2525,5.1159,-0.89508,-4.2856,-0.83574,4.2467,7.1316,-30.089,-8.3899,-5.6616
1.8389,0.5758,0.3709,-1.5662,0.14729,5.437,-7.0362,2.0623,2.2399,5.1579,-0.87473,-4.3262,-0.64225,4.3368,6.9356,-29.795,-8.7087,-6.0065
1.8501,0.57393,0.36149,-1.5674,0.15677,5.4519,-7.1003,2.0431,2.2265,5.199,-0.85401,-4.366,-0.50406,4.4269,6.7939,-29.499,-9.0091,-6.3377
1.8614,0.57211,0.352,-1.5684,0.16645,5.4665,-7.1639,2.0233,2.2125,5.2389,-0.83296,-4.4047,-0.41014,4.5166,6.6956,-29.2,-9.2907,-6.6548
1.8842,0.56859,0.33277,-1.5699,0.18639,5.4952,-7.289,1.982,2.1824,5.315,-0.78998,-4.4787,-0.32241,4.6938,6.595,-28.603,-9.7961,-7.2449
1.905,0.56559,0.3152,-1.5712,0.20498,5.5209,-7.3994,1.943,2.1532,5.3784,-0.75043,-4.5408,-0.32524,4.8488,6.5809,-28.074,-10.184,-7.7242
1.9261,0.56275,0.2974,-1.5725,0.22416,5.5465,-7.5077,1.9027,2.1222,5.4364,-0.71017,-4.598,-0.38013,4.9974,6.6128,-27.558,-10.509,-8.1529
1.9474,0.56006,0.27938,-1.5742,0.24391,5.5724,-7.6141,1.8612,2.0897,5.4881,-0.66924,-4.6496,-0.47004,5.1371,6.6727,-27.059,-10.771,-8.5302
1.9689,0.55753,0.26117,-1.5762,0.26417,5.5986,-7.7186,1.8189,2.0558,5.5327,-0.6277,-4.6948,-0.58264,5.2659,6.7479,-26.583,-10.973,-8.856
1.9905,0.55517,0.24281,-1.5787,0.28492,5.625,-7.8213,1.7758,2.0208,5.5695,-0.58557,-4.733,-0.70886,5.3818,6.8288,-26.131,-11.115,-9.1305
2.0122,0.55297,0.22431,-1.5817,0.30609,5.6518,-7.9222,1.7323,1.9848,5.5976,-0.54293,-4.7634,-0.84196,5.4828,6.9085,-25.705,-11.202,-9.3546
2.0341,0.55094,0.2057,-1.5853,0.32762,5.6788,-8.0216,1.6886,1.948,5.6164,-0.49991,-4.7854,-0.97691,5.5675,6.982,-25.306,-11.237,-9.5295
2.0779,0.54738,0.16833,-1.5939,0.3715,5.7337,-8.2159,1.6012,1.8728,5.6238,-0.41341,-4.8021,-1.2385,5.6837,7.0973,-24.59,-11.163,-9.7394
2.1216,0.54449,0.13097,-1.6045,0.416,5.7893,-8.4051,1.5151,1.7966,5.5889,-0.32806,-4.7807,-1.4747,5.7251,7.1582,-23.976,-10.927,-9.7784
2.1649,0.54226,0.093924,-1.6168,0.46053,5.8451,-8.5898,1.4313,1.7208,5.5123,-0.24643,-4.7215,-1.6762,5.6921,7.1596,-23.452,-10.559,-9.6683
2.2074,0.54064,0.057479,-1.6305,0.50452,5.9007,-8.7707,1.3508,1.6463,5.3977,-0.17129,-4.6279,-1.8396,5.5895,7.1022,-22.997,-10.089,-9.4312
2.2489,0.53957,0.02188,-1.6454,0.54747,5.9556,-8.9483,1.2742,1.5741,5.2514,-0.10516,-4.5053,-1.9641,5.4256,6.9897,-22.589,-9.5412,-9.0883
2.2892,0.53897,-0.012674,-1.6611,0.58894,6.0095,-9.1228,1.2022,1.5049,5.0813,-0.049923,-4.361,-2.0507,5.2105,6.827,-22.205,-8.9361,-8.6582
2.3281,0.53876,-0.046043,-1.6772,0.62857,6.0619,-9.2943,1.1351,1.4393,4.8963,-0.0066649,-4.2027,-2.1011,4.9558,6.6196,-21.823,-8.2907,-8.1575
2.3655,0.53883,-0.07815,-1.6937,0.6661,6.1126,-9.4628,1.0731,1.3779,4.7046,0.024438,-4.038,-2.1177,4.6732,6.3737,-21.425,-7.6187,-7.6006
2.4014,0.53911,-0.10897,-1.7102,0.70135,6.1612,-9.6281,1.0164,1.321,4.514,0.044044,-3.8738,-2.1041,4.3747,6.0967,-21,-6.9317,-7.0005
2.4358,0.53949,-0.13853,-1.7264,0.73426,6.2075,-9.79,0.96509,1.2689,4.3305,0.053494,-3.7154,-2.0646,4.0712,5.797,-20.544,-6.2394,-6.3695
2.4689,0.53992,-0.1669,-1.7423,0.76481,6.2515,-9.9482,0.91917,1.2218,4.1585,0.054579,-3.567,-2.0047,3.7721,5.4842,-20.06,-5.5501,-5.7185
2.5313,0.54068,-0.2204,-1.7724,0.81916,6.332,-10.253,0.84323,1.143,3.8579,0.039533,-3.3076,-1.8478,3.2149,4.8576,-19.044,-4.2057,-4.3954
2.5895,0.5411,-0.27025,-1.7998,0.86542,6.4032,-10.542,0.7877,1.0847,3.6153,0.013139,-3.0989,-1.6803,2.7356,4.2857,-18.052,-2.9342,-3.0937
2.6379,0.5411,-0.31181,-1.822,0.90053,6.4591,-10.785,0.75464,1.0497,3.4403,-0.01209,-2.9488,-1.5522,2.3777,3.8625,-17.27,-1.8837,-1.9933
2.6797,0.54082,-0.34758,-1.8407,0.92819,6.505,-10.995,0.73687,1.0309,3.3044,-0.033962,-2.8328,-1.4646,2.097,3.5579,-16.674,-0.9953,-1.0532
2.7198,0.54027,-0.38199,-1.8584,0.95254,6.5475,-11.198,0.72979,1.0235,3.1813,-0.055022,-2.7282,-1.4058,1.8421,3.3245,-16.186,-0.15717,-0.16458
2.7585,0.53945,-0.41515,-1.8756,0.97384,6.5875,-11.396,0.7328,1.0267,3.0655,-0.076377,-2.6301,-1.3728,1.6002,3.1547,-15.801,0.63507,0.67072
2.7957,0.53837,-0.44712,-1.8925,0.99217,6.6258,-11.589,0.74534,1.0398,2.9536,-0.099604,-2.5358,-1.3594,1.3604,3.0376,-15.5,1.3844,1.4505
2.8316,0.53697,-0.47794,-1.9093,1.0075,6.6629,-11.78,0.7669,1.0623,2.8445,-0.12628,-2.4441,-1.3567,1.115,2.9604,-15.262,2.0913,2.1708
2.8661,0.53522,-0.50765,-1.9261,1.0197,6.6992,-11.968,0.79693,1.0933,2.7389,-0.15763,-2.3559,-1.355,0.86018,2.9099,-15.062,2.7538,2.8255
2.8994,0.53305,-0.53629,-1.9428,1.0288,6.735,-12.153,0.83487,1.132,2.6389,-0.19426,-2.2728,-1.3445,0.59627,2.8737,-14.877,3.3676,3.4074
2.9315,0.53039,-0.56395,-1.9593,1.0345,6.7704,-12.336,0.88008,1.1773,2.5474,-0.23602,-2.1974,-1.3172,0.32719,2.8413,-14.69,3.9274,3.9093
2.9927,0.52339,-0.61679,-1.9906,1.036,6.8398,-12.694,0.98945,1.2841,2.4013,-0.33092,-2.0798,-1.1916,-0.19797,2.7582,-14.269,4.8652,4.6548
3.0452,0.51502,-0.66239,-2.0151,1.0268,6.9,-13.008,1.1052,1.3925,2.3219,-0.42046,-2.0207,-0.99487,-0.61179,2.6456,-13.847,5.4878,5.0322
3.0914,0.50582,-0.70271,-2.0328,1.0115,6.9518,-13.282,1.2193,1.495,2.2945,-0.49598,-2.0072,-0.76722,-0.90592,2.5167,-13.48,5.8713,5.1592
3.1375,0.4952,-0.74312,-2.0456,0.99106,7.0009,-13.549,1.3396,1.5982,2.3052,-0.56128,-2.0283,-0.51603,-1.1149,2.3738,-13.181,6.0985,5.1178
3.1841,0.4834,-0.78427,-2.0535,0.96733,7.047,-13.811,1.4629,1.6993,2.3491,-0.61348,-2.0799,-0.26466,-1.2409,2.2296,-12.994,6.1799,4.9366
3.2319,0.47069,-0.82672,-2.0564,0.94181,7.0903,-14.071,1.5865,1.7954,2.4221,-0.65146,-2.1587,-0.033073,-1.2936,2.0941,-12.94,6.12,4.6333
3.2564,0.46409,-0.8486,-2.0562,0.92881,7.111,-14.201,1.6475,1.8409,2.4688,-0.66505,-2.2077,0.070041,-1.2968,2.032,-12.963,6.0365,4.4383
3.2814,0.45737,-0.87101,-2.055,0.91585,7.1311,-14.331,1.7074,1.8843,2.5221,-0.6751,-2.2629,0.16226,-1.287,1.9745,-13.015,5.9163,4.2147
3.3332,0.44371,-0.91763,-2.0502,0.89047,7.1697,-14.593,1.8228,1.9637,2.648,-0.68493,-2.3916,0.30801,-1.238,1.876,-13.189,5.5637,3.6813
3.3878,0.42999,-0.96708,-2.0431,0.86635,7.2065,-14.86,1.9295,2.0312,2.7989,-0.68193,-2.5441,0.39548,-1.1662,1.8031,-13.413,5.0632,3.035
3.4456,0.41644,-1.0198,-2.0348,0.84372,7.2422,-15.131,2.0249,2.0847,2.9732,-0.66736,-2.7191,0.42331,-1.0924,1.7591,-13.63,4.4279,2.2852
3.5071,0.40329,-1.0762,-2.0264,0.82244,7.2773,-15.406,2.1064,2.1223,3.1669,-0.64246,-2.9128,0.39884,-1.0337,1.7471,-13.796,3.6841,1.4494
3.5727,0.39074,-1.1367,-2.019,0.8021,7.3125,-15.684,2.1721,2.1424,3.3735,-0.60824,-3.1192,0.33539,-0.99988,1.7707,-13.9,2.8645,0.54898
3.6424,0.37895,-1.2014,-2.0132,0.78218,7.3486,-15.964,2.2209,2.144,3.5849,-0.56566,-3.3305,0.24511,-0.99104,1.8356,-13.967,1.999,-0.39509
3.7164,0.3681,-1.2703,-2.0094,0.76222,7.3864,-16.244,2.2521,2.1264,3.7932,-0.5158,-3.5391,0.13187,-1.0021,1.9493,-14.027,1.1104,-1.3627
3.7945,0.35831,-1.3433,-2.0081,0.74187,7.4271,-16.526,2.2654,2.0893,3.9935,-0.45982,-3.7399,-0.010474,-1.0294,2.1186,-14.094,0.2155,-2.3293
3.835,0.35385,-1.3812,-2.0086,0.73145,7.4489,-16.668,2.2654,2.0636,4.0901,-0.4299,-3.8367,-0.096162,-1.0495,2.2256,-14.129,-0.22927,-2.8015
3.8765,0.34969,-1.4202,-2.0101,0.7208,7.4718,-16.809,2.2609,2.0332,4.1846,-0.39886,-3.9313,-0.19346,-1.0752,2.3479,-14.166,-0.66918,-3.259
3.9623,0.34234,-1.5009,-2.0162,0.69856,7.5217,-17.094,2.2388,1.9592,4.3684,-0.33382,-4.1149,-0.42698,-1.1493,2.6374,-14.245,-1.5246,-4.1032
4.0517,0.33633,-1.5852,-2.0275,0.67443,7.5779,-17.381,2.2001,1.8696,4.5493,-0.26518,-4.2944,-0.71466,-1.2653,2.9835,-14.346,-2.3301,-4.8059
4.1447,0.33173,-1.6731,-2.0452,0.64744,7.6417,-17.67,2.1458,1.7678,4.7321,-0.19284,-4.4741,-1.0535,-1.4368,3.3821,-14.503,-3.0634,-5.3103
4.2415,0.32863,-1.7646,-2.0701,0.61639,7.7139,-17.963,2.0779,1.6583,4.9204,-0.11567,-4.6571,-1.4381,-1.6719,3.8339,-14.756,-3.6993,-5.5642
4.3421,0.32714,-1.8599,-2.1032,0.57997,7.7959,-18.263,1.9983,1.5466,5.1136,-0.031382,-4.8424,-1.8701,-1.9705,4.3522,-15.148,-4.2069,-5.5239
4.4466,0.32744,-1.9588,-2.1455,0.537,7.8892,-18.572,1.9103,1.439,5.303,0.063075,-5.0213,-2.3706,-2.323,4.9751,-15.721,-4.5482,-5.1546
4.5546,0.32975,-2.0611,-2.1991,0.48656,7.9966,-18.894,1.8174,1.3423,5.4717,0.1703,-5.1769,-3.0007,-2.7108,5.7809,-16.503,-4.6775,-4.4294
4.6657,0.33436,-2.1661,-2.2676,0.42822,8.1232,-19.235,1.7244,1.2639,5.5978,0.29127,-5.2878,-3.8973,-3.1059,6.9184,-17.493,-4.5427,-3.3283
4.7787,0.34152,-2.2727,-2.359,0.36224,8.2781,-19.597,1.6373,1.2114,5.659,0.42531,-5.3322,-5.3622,-3.4636,8.6872,-18.618,-4.0939,-1.842
4.8921,0.3515,-2.3794,-2.4909,0.29013,8.4801,-19.981,1.5625,1.1924,5.6328,0.5711,-5.2884,-8.1248,-3.6952,11.791,-19.706,-3.3079,0.002602
4.9203,0.35446,-2.4058,-2.5343,0.27155,8.542,-20.081,1.5466,1.1937,5.6093,0.60919,-5.2606,-9.1994,-3.7131,12.951,-19.942,-3.0618,0.50961
4.9762,0.36095,-2.4582,-2.6402,0.23446,8.6864,-20.283,1.5185,1.204,5.5378,0.68691,-5.181,-12.134,-3.6647,16.05,-20.34,-2.5205,1.5593
5.0312,0.36823,-2.5096,-2.7828,0.19864,8.869,-20.488,1.4962,1.225,5.4299,0.76581,-5.0659,-16.617,-3.4416,20.681,-20.612,-1.9309,2.6295
5.0849,0.37631,-2.5596,-2.981,0.16643,9.1086,-20.696,1.4799,1.2567,5.2814,0.84422,-4.9118,-23.283,-2.9219,27.471,-20.733,-1.3187,3.6798
5.1369,0.38515,-2.6079,-3.2564,0.14165,9.4265,-20.903,1.4697,1.2986,5.0907,0.91965,-4.7178,-31.664,-1.9393,35.944,-20.693,-0.71478,4.6625
5.1869,0.39473,-2.6541,-3.6053,0.12935,9.8186,-21.11,1.4654,1.3498,4.8612,0.98914,-4.4874,-37.458,-0.47802,41.793,-20.5,-0.15823,5.5163
5.2085,0.39925,-2.6741,-3.7749,0.12883,10.008,-21.202,1.4652,1.3755,4.7476,1.0176,-4.3742,-37.495,0.26495,41.844,-20.369,0.07664,5.8585
5.2297,0.40391,-2.6936,-3.9409,0.13166,10.193,-21.294,1.4661,1.4026,4.6285,1.044,-4.2561,-35.662,0.97786,40.017,-20.215,0.2982,6.1689
5.2503,0.40867,-2.7125,-4.0951,0.13753,10.367,-21.385,1.4679,1.4311,4.5051,1.0683,-4.1341,-32.472,1.6012,36.826,-20.04,0.50271,6.4417
5.2703,0.41354,-2.7309,-4.2328,0.14594,10.525,-21.475,1.4706,1.4607,4.3787,1.0902,-4.0096,-28.642,2.1072,32.989,-19.848,0.68836,6.6743
5.2898,0.4185,-2.7487,-4.3532,0.15636,10.665,-21.564,1.4741,1.4912,4.2506,1.1097,-3.8837,-24.761,2.4994,29.093,-19.643,0.85666,6.8692
5.3087,0.42355,-2.7659,-4.4569,0.16833,10.788,-21.652,1.4783,1.5226,4.1218,1.1268,-3.7576,-21.19,2.7899,25.503,-19.428,1.0073,7.0265
5.327,0.42867,-2.7826,-4.5452,0.18141,10.896,-21.739,1.4831,1.5546,3.9934,1.1416,-3.6321,-18.088,2.9918,22.377,-19.207,1.1377,7.1424
5.3447,0.43385,-2.7987,-4.6206,0.19523,10.99,-21.825,1.4885,1.587,3.8667,1.1542,-3.5085,-15.464,3.1261,19.724,-18.983,1.2493,7.2201
5.3619,0.43908,-2.8142,-4.6854,0.20954,11.074,-21.91,1.4944,1.6197,3.7423,1.1647,-3.3873,-13.273,3.2095,17.5,-18.759,1.3438,7.2626
5.3785,0.44436,-2.8293,-4.7411,0.22413,11.149,-21.994,1.5006,1.6525,3.621,1.1732,-3.2694,-11.455,3.2525,15.646,-18.537,1.4202,7.2695
5.3946,0.44966,-2.8438,-4.7892,0.23884,11.216,-22.078,1.5072,1.6852,3.5032,1.1801,-3.155,-9.9439,3.265,14.098,-18.321,1.4795,7.2431
5.4101,0.455,-2.8577,-4.8312,0.25356,11.276,-22.16,1.514,1.7178,3.3894,1.1854,-3.0446,-8.6819,3.2546,12.796,-18.11,1.5227,7.1859
5.4252,0.46036,-2.8712,-4.8679,0.26818,11.332,-22.241,1.5209,1.75,3.2798,1.1893,-2.9384,-7.6208,3.2269,11.694,-17.907,1.5505,7.1001
5.4397,0.46573,-2.8843,-4.9002,0.28265,11.382,-22.321,1.5279,1.7818,3.1745,1.192,-2.8364,-6.722,3.1863,10.753,-17.713,1.5637,6.9881
5.4538,0.47111,-2.8968,-4.9287,0.29692,11.429,-22.401,1.535,1.8131,3.0735,1.1937,-2.7387,-5.9542,3.1361,9.9431,-17.528,1.5632,6.8522
5.4807,0.48189,-2.9207,-4.9766,0.32469,11.512,-22.557,1.5489,1.8734,2.884,1.1945,-2.5556,-4.7192,3.0165,8.624,-17.185,1.5246,6.5182
5.5059,0.49266,-2.943,-5.0148,0.35132,11.585,-22.711,1.5624,1.9305,2.7101,1.1925,-2.3878,-3.7741,2.8827,7.5969,-16.876,1.4412,6.1156
5.5296,0.5034,-2.9638,-5.0453,0.3767,11.65,-22.862,1.5748,1.9836,2.5501,1.1882,-2.2338,-3.0294,2.7433,6.7734,-16.594,1.3192,5.6612
5.552,0.5141,-2.9833,-5.0699,0.40082,11.708,-23.011,1.5861,2.0325,2.4023,1.182,-2.0917,-2.4266,2.6039,6.0957,-16.33,1.1647,5.1695
5.573,0.52473,-3.0016,-5.0894,0.4237,11.76,-23.157,1.5958,2.0769,2.2649,1.174,-1.9601,-1.9271,2.4679,5.5253,-16.073,0.98363,4.6538
5.5929,0.53528,-3.0187,-5.1049,0.44538,11.808,-23.301,1.6038,2.1165,2.1365,1.1642,-1.8376,-1.5047,2.3374,5.0357,-15.811,0.78166,4.1257
5.6116,0.54573,-3.0348,-5.1168,0.46591,11.851,-23.442,1.6098,2.1513,2.0159,1.1526,-1.723,-1.1416,2.214,4.6082,-15.534,0.56457,3.5951
5.6293,0.55608,-3.0499,-5.1256,0.48536,11.891,-23.581,1.6139,2.1814,1.9021,1.1392,-1.6155,-0.8253,2.0986,4.2298,-15.231,0.33799,3.0708
5.6459,0.56629,-3.064,-5.1318,0.50381,11.928,-23.717,1.6159,2.2068,1.7945,1.1239,-1.5144,-0.5472,1.9921,3.8908,-14.895,0.10738,2.56
5.6617,0.57635,-3.0772,-5.1356,0.52134,11.962,-23.85,1.6159,2.2276,1.6925,1.1069,-1.4191,-0.30143,1.8948,3.5847,-14.52,-0.12215,2.0689
5.6765,0.58626,-3.0896,-5.1373,0.53803,11.993,-23.979,1.6137,2.2442,1.5957,1.088,-1.3292,-0.08402,1.807,3.3064,-14.104,-0.34597,1.6021
5.6905,0.59598,-3.1012,-5.1372,0.55398,12.021,-24.104,1.6096,2.2566,1.5036,1.0675,-1.2444,0.10768,1.7287,3.0525,-13.646,-0.56007,1.1634
5.7037,0.60552,-3.1121,-5.1354,0.56925,12.048,-24.225,1.6037,2.2653,1.4161,1.0454,-1.1643,0.27547,1.6593,2.8206,-13.149,-0.76124,0.75554
5.7161,0.61484,-3.1222,-5.1323,0.58395,12.072,-24.341,1.596,2.2704,1.3329,1.0219,-1.0888,0.42072,1.5983,2.6088,-12.616,-0.94708,0.38016
5.7277,0.62396,-3.1317,-5.1279,0.59812,12.095,-24.453,1.5866,2.2722,1.2536,0.99725,-1.0174,0.54458,1.5448,2.4157,-12.055,-1.1161,0.038123
5.749,0.64149,-3.1489,-5.1163,0.62517,12.135,-24.66,1.5638,2.2675,1.1061,0.94525,-0.88625,0.73292,1.4558,2.0806,-10.877,-1.4012,-0.5463
5.7677,0.65806,-3.1638,-5.1019,0.65077,12.17,-24.845,1.5365,2.2533,0.97175,0.89099,-0.76883,0.85156,1.3832,1.8053,-9.6726,-1.6189,-1.0044
5.7841,0.67364,-3.1767,-5.0859,0.67514,12.201,-25.009,1.5057,2.2319,0.8486,0.83583,-0.66322,0.91357,1.3185,1.579,-8.4917,-1.7783,-1.3497
5.7984,0.68823,-3.1878,-5.0692,0.69836,12.228,-25.152,1.4726,2.2051,0.73517,0.78081,-0.56782,0.93249,1.2557,1.3907,-7.3667,-1.892,-1.5995
5.8107,0.70183,-3.1973,-5.0524,0.72045,12.251,-25.275,1.4376,2.1746,0.63028,0.7266,-0.48132,0.92048,1.1914,1.2303,-6.3128,-1.9725,-1.7718
5.8212,0.71446,-3.2052,-5.0361,0.74135,12.272,-25.38,1.4015,2.1415,0.53305,0.67362,-0.40269,0.88745,1.1241,1.0891,-5.333,-2.0308,-1.8837
5.83,0.72615,-3.2118,-5.0205,0.76101,12.291,-25.468,1.3644,2.1069,0.44284,0.6221,-0.33113,0.84083,1.0538,0.96038,-4.4227,-2.0757,-1.9507
5.8372,0.73692,-3.2172,-5.0058,0.77937,12.307,-25.54,1.3266,2.0713,0.35911,0.57216,-0.26593,0.78599,0.98122,0.83907,-3.5736,-2.1138,-1.9858
5.843,0.74681,-3.2215,-4.9921,0.79641,12.321,-25.597,1.2881,2.0353,0.28139,0.52382,-0.2065,0.7267,0.90748,0.72156,-2.776,-2.1493,-1.9997
5.8474,0.75584,-3.2247,-4.9795,0.81213,12.333,-25.641,1.249,1.9992,0.20925,0.47704,-0.15227,0.66555,0.83372,0.60527,-2.0206,-2.1851,-2.0007
5.8506,0.76404,-3.227,-4.9681,0.82651,12.343,-25.67,1.2093,1.9632,0.14221,0.43175,-0.10268,0.60441,0.76104,0.48834,-1.2985,-2.2222,-1.9956
5.8535,0.77804,-3.2291,-4.9484,0.85145,12.356,-25.692,1.1277,1.8914,0.02147,0.34511,-0.015291,0.48735,0.62231,0.24738,0.076071,-2.2995,-1.9841
5.8523,0.789,-3.2282,-4.9327,0.87159,12.36,-25.666,1.0433,1.8198,-0.085015,0.2627,0.0599,0.38393,0.49598,-0.0095824,1.4,-2.371,-1.987
5.8489,0.79541,-3.2259,-4.9231,0.88405,12.357,-25.613,0.9773,1.7647,-0.15966,0.20166,0.11176,0.31862,0.40844,-0.2211,2.4038,-2.4098,-2.0027
5.8435,0.80015,-3.2221,-4.915,0.8942,12.348,-25.533,0.91051,1.7091,-0.2307,0.14174,0.16071,0.269,0.32761,-0.44853,3.4145,-2.4235,-2.0277
5.8362,0.80324,-3.217,-4.9081,0.90218,12.332,-25.424,0.84382,1.6527,-0.30024,0.08255,0.20849,0.23855,0.25092,-0.69402,4.4406,-2.4014,-2.0568
5.8269,0.80471,-3.2106,-4.9016,0.90806,12.31,-25.287,0.77833,1.5956,-0.37033,0.023976,0.25676,0.23044,0.17439,-0.95867,5.4852,-2.3341,-2.0825
5.8157,0.80457,-3.2028,-4.8951,0.91176,12.279,-25.121,0.71542,1.5378,-0.44288,-0.03374,0.3071,0.24693,0.0928,-1.242,6.5455,-2.2143,-2.0955
5.8024,0.80286,-3.1936,-4.8878,0.91308,12.241,-24.926,0.65659,1.4801,-0.51959,-0.089967,0.36094,0.2888,0.00014475,-1.5417,7.614,-2.0383,-2.0853
5.787,0.79963,-3.1828,-4.8789,0.91161,12.194,-24.701,0.6034,1.423,-0.60185,-0.14377,0.41948,0.35495,-0.10961,-1.8542,8.6805,-1.8053,-2.0407
5.7692,0.79496,-3.1704,-4.868,0.90682,12.138,-24.447,0.55741,1.3678,-0.69059,-0.19417,0.48364,0.44274,-0.24155,-2.1765,9.7382,-1.5173,-1.95
5.7488,0.78895,-3.1561,-4.8543,0.89804,12.074,-24.163,0.52011,1.3159,-0.78637,-0.24053,0.55407,0.54946,-0.39905,-2.5091,10.791,-1.1757,-1.8005
5.7257,0.78171,-3.1397,-4.8375,0.88454,12,-23.851,0.49301,1.2691,-0.88968,-0.28307,0.63142,0.67478,-0.5839,-2.8602,11.862,-0.77676,-1.5764
5.6996,0.77334,-3.1211,-4.8168,0.86553,11.915,-23.508,0.47788,1.2297,-1.002,-0.32333,0.71701,0.82421,-0.79818,-3.2513,13.003,-0.30543,-1.254
5.6702,0.76385,-3.1,-4.7916,0.84014,11.819,-23.131,0.47714,1.2011,-1.1278,-0.36444,0.81447,1.0132,-1.0487,-3.7219,14.302,0.27519,-0.79375
5.6371,0.75317,-3.076,-4.7603,0.80712,11.709,-22.715,0.49473,1.1878,-1.2788,-0.41077,0.93289,1.2709,-1.3554,-4.3361,15.886,1.0384,-0.12765
5.5991,0.74108,-3.0481,-4.7204,0.76435,11.578,-22.25,0.53735,1.1969,-1.4817,-0.46563,1.0931,1.6394,-1.766,-5.1825,17.903,2.1161,0.85418
5.5543,0.72742,-3.0148,-4.6684,0.7078,11.419,-21.722,0.61642,1.2393,-1.7908,-0.52254,1.3376,2.152,-2.3707,-6.3399,20.425,3.7199,2.2996
5.4985,0.71257,-2.9729,-4.6008,0.63062,11.225,-21.12,0.75008,1.3292,-2.2851,-0.54314,1.7291,2.7516,-3.2692,-7.7396,23.162,6.1032,4.3089
5.4262,0.69864,-2.9178,-4.5182,0.52553,10.994,-20.451,0.9611,1.4805,-2.9807,-0.4434,2.2824,3.1831,-4.3675,-8.9593,25.207,9.3027,6.6799
5.3826,0.69324,-2.8843,-4.4736,0.46188,10.868,-20.098,1.1015,1.5806,-3.3499,-0.33032,2.5767,3.2547,-4.8429,-9.3466,25.772,11.047,7.8083
5.334,0.68962,-2.8469,-4.4287,0.39264,10.737,-19.74,1.2655,1.6952,-3.6745,-0.18714,2.8348,3.2418,-5.1464,-9.5772,26.147,12.679,8.7294
5.2815,0.68808,-2.8064,-4.3841,0.32092,10.604,-19.376,1.45,1.82,-3.9131,-0.038627,3.0228,3.2397,-5.1953,-9.7469,26.565,13.98,9.2896
5.2542,0.68806,-2.7853,-4.3615,0.28531,10.536,-19.192,1.5482,1.8846,-3.9944,0.029651,3.0856,3.3192,-5.11,-9.8864,26.875,14.432,9.388
5.1983,0.6893,-2.7421,-4.3122,0.21709,10.395,-18.815,1.7508,2.0132,-4.0851,0.14648,3.1525,3.9985,-4.7306,-10.632,27.828,14.782,9.1384
5.1418,0.692,-2.6985,-4.243,0.1557,10.234,-18.421,1.9521,2.1337,-4.0957,0.24197,3.1536,6.5341,-4.1312,-13.16,29.281,14.219,8.2117
5.0855,0.69592,-2.6553,-4.1078,0.10385,10.008,-18.004,2.1386,2.2364,-4.0384,0.3267,3.0994,14.578,-3.3475,-21.137,31.123,12.621,6.5465
5.0578,0.6983,-2.6341,-3.9789,0.082476,9.8342,-17.786,2.2218,2.2779,-3.9887,0.36394,3.0551,23.557,-2.8179,-30.073,32.085,11.449,5.4374
5.0305,0.70093,-2.6132,-3.7685,0.06549,9.579,-17.562,2.2961,2.3111,-3.9295,0.39466,3.0031,37.939,-2.0459,-44.413,32.963,10.068,4.155
5.0036,0.70373,-2.5926,-3.4477,0.055269,9.2136,-17.332,2.3604,2.3349,-3.8667,0.4166,2.9481,53.551,-0.86224,-59.986,33.632,8.5312,2.7237
4.9903,0.70518,-2.5825,-3.2572,0.053529,9.001,-17.215,2.3884,2.343,-3.8362,0.42408,2.9212,56.722,-0.14987,-63.138,33.848,7.7257,1.9664
4.9837,0.70592,-2.5775,-3.1595,0.053583,8.8922,-17.157,2.4014,2.3461,-3.8217,0.4269,2.9084,56.304,0.21537,-62.71,33.92,7.3171,1.5784
4.9706,0.7074,-2.5675,-2.9714,0.055549,8.682,-17.04,2.4252,2.3502,-3.7946,0.43081,2.8842,51.625,0.90686,-58.012,33.985,6.4942,0.78803
4.9575,0.70889,-2.5576,-2.8065,0.059724,8.4951,-16.922,2.4462,2.3515,-3.7704,0.43274,2.8621,43.817,1.4872,-50.186,33.935,5.672,-0.013174
4.951,0.70964,-2.5526,-2.7347,0.062504,8.4123,-16.864,2.4557,2.3511,-3.7596,0.43309,2.8521,39.525,1.731,-45.883,33.866,5.2637,-0.41604
4.9445,0.71038,-2.5477,-2.6701,0.065679,8.3368,-16.806,2.4644,2.3501,-3.7499,0.43308,2.8428,35.314,1.9455,-41.662,33.767,4.8587,-0.81933
4.9381,0.71113,-2.5428,-2.6126,0.069202,8.2683,-16.747,2.4724,2.3483,-3.7411,0.43278,2.8343,31.34,2.133,-37.678,33.639,4.4579,-1.222
4.9316,0.71188,-2.5379,-2.5618,0.073027,8.2066,-16.689,2.4798,2.3458,-3.7333,0.43225,2.8266,27.69,2.2969,-34.017,33.481,4.0621,-1.6229
4.9252,0.71262,-2.5331,-2.5169,0.077117,8.1507,-16.632,2.4865,2.3427,-3.7265,0.43156,2.8197,24.397,2.441,-30.713,33.297,3.6723,-2.0215
4.9188,0.71337,-2.5282,-2.4774,0.081441,8.1003,-16.575,2.4925,2.3389,-3.7208,0.43076,2.8135,21.465,2.5683,-27.769,33.085,3.2891,-2.4168
4.9059,0.71485,-2.5185,-2.412,0.090687,8.0133,-16.461,2.5025,2.3292,-3.7123,0.42911,2.8035,16.602,2.7839,-22.882,32.589,2.5449,-3.1941
4.8931,0.71633,-2.5089,-2.3615,0.10061,7.9411,-16.35,2.5101,2.3168,-3.7076,0.42776,2.7963,12.872,2.9618,-19.126,32.009,1.8337,-3.949
4.8803,0.7178,-2.4992,-2.3222,0.1111,7.8803,-16.24,2.5152,2.302,-3.7062,0.42713,2.7917,10.026,3.1148,-16.253,31.361,1.158,-4.6764
4.8676,0.71928,-2.4896,-2.2916,0.12209,7.8282,-16.133,2.5181,2.2846,-3.7076,0.42755,2.7892,7.8509,3.2509,-14.049,30.664,0.51935,-5.3719
4.8547,0.72076,-2.48,-2.2675,0.13353,7.7828,-16.029,2.5189,2.2649,-3.7113,0.42925,2.7883,6.1805,3.3753,-12.35,29.935,-0.081905,-6.0325
4.8419,0.72224,-2.4703,-2.2485,0.14538,7.7425,-15.927,2.5176,2.243,-3.7164,0.43237,2.7885,4.8913,3.4914,-11.03,29.192,-0.64618,-6.6556
4.8291,0.72374,-2.4607,-2.2334,0.15762,7.7063,-15.827,2.5144,2.219,-3.7224,0.43695,2.7893,3.8908,3.6013,-9.9985,28.449,-1.1745,-7.2394
4.8034,0.7268,-2.4415,-2.2117,0.1832,7.6427,-15.636,2.503,2.1654,-3.7343,0.45025,2.7907,2.5001,3.8073,-8.5441,27.006,-2.1297,-8.2859
4.7801,0.72965,-2.4241,-2.1988,0.20739,7.5925,-15.472,2.4873,2.1113,-3.7418,0.46614,2.7892,1.7132,3.9798,-7.6977,25.798,-2.8835,-9.088
4.7569,0.7326,-2.4068,-2.1899,0.23262,7.5466,-15.315,2.4673,2.0527,-3.7434,0.48443,2.783,1.2056,4.1409,-7.1276,24.7,-3.5484,-9.7591
4.7336,0.73567,-2.3896,-2.1835,0.25881,7.5036,-15.165,2.4434,1.9903,-3.7374,0.50371,2.7709,0.88366,4.2897,-6.738,23.718,-4.1343,-10.303
4.7105,0.73885,-2.3724,-2.1787,0.28588,7.4626,-15.02,2.4161,1.925,-3.7223,0.52257,2.7517,0.68806,4.4242,-6.4672,22.845,-4.65,-10.723
4.6874,0.74216,-2.3554,-2.1748,0.31374,7.4231,-14.881,2.3858,1.8574,-3.6976,0.53977,2.7252,0.57999,4.542,-6.2737,22.069,-5.103,-11.027
4.6646,0.74555,-2.3386,-2.1714,0.34227,7.3846,-14.746,2.3528,1.7882,-3.6631,0.55433,2.6913,0.53308,4.6406,-6.129,21.377,-5.4998,-11.22
4.6419,0.74903,-2.322,-2.1681,0.37135,7.3469,-14.615,2.3176,1.7182,-3.6191,0.56553,2.6505,0.52868,4.7177,-6.0129,20.752,-5.8458,-11.312
4.6196,0.75257,-2.3056,-2.1648,0.40084,7.3099,-14.488,2.2803,1.6479,-3.5664,0.57291,2.6032,0.55338,4.7719,-5.911,20.183,-6.1461,-11.313
4.5976,0.75614,-2.2896,-2.1612,0.43059,7.2735,-14.364,2.2413,1.5778,-3.506,0.57629,2.5506,0.59721,4.802,-5.8135,19.658,-6.4051,-11.233
4.5761,0.75972,-2.274,-2.1573,0.46045,7.2377,-14.244,2.2008,1.5084,-3.4391,0.57567,2.4935,0.65276,4.8082,-5.7139,19.167,-6.6269,-11.085
4.5549,0.76329,-2.2587,-2.1531,0.49027,7.2025,-14.126,2.159,1.4402,-3.3673,0.57124,2.4331,0.71457,4.7911,-5.6081,18.705,-6.815,-10.882
4.514,0.77028,-2.2292,-2.1434,0.54927,7.1342,-13.899,2.0725,1.3081,-3.214,0.55211,2.3067,0.84223,4.693,-5.3711,17.845,-7.1019,-10.361
4.4751,0.77696,-2.2013,-2.1322,0.60658,7.0692,-13.682,1.983,1.1831,-3.0559,0.52167,2.179,0.96074,4.5227,-5.1004,17.052,-7.2848,-9.7596
4.4381,0.78321,-2.1751,-2.1196,0.66142,7.0076,-13.475,1.8918,1.0656,-2.9002,0.48262,2.0552,1.0613,4.2968,-4.8031,16.312,-7.3765,-9.1463
4.403,0.78892,-2.1503,-2.1059,0.71317,6.9499,-13.277,1.8,0.95565,-2.7511,0.43697,1.9385,1.1404,4.0299,-4.4885,15.616,-7.3861,-8.5683
4.3697,0.79404,-2.1268,-2.0914,0.76143,6.8961,-13.087,1.7086,0.85248,-2.6109,0.38604,1.8302,1.1968,3.7341,-4.164,14.957,-7.3214,-8.0526
4.3381,0.7985,-2.1047,-2.0763,0.80588,6.8464,-12.905,1.6184,0.75525,-2.4803,0.33057,1.7307,1.2298,3.419,-3.8345,14.323,-7.1903,-7.6118
4.308,0.80224,-2.0838,-2.0609,0.84634,6.8009,-12.731,1.5302,0.66302,-2.3597,0.27102,1.6402,1.239,3.0926,-3.5031,13.701,-7.0014,-7.2489
4.2794,0.80522,-2.0639,-2.0456,0.88271,6.7594,-12.565,1.4446,0.57482,-2.2493,0.20777,1.5587,1.2245,2.7627,-3.1714,13.08,-6.7649,-6.9613
4.2521,0.80739,-2.045,-2.0306,0.915,6.7221,-12.406,1.3622,0.48976,-2.1492,0.14136,1.486,1.1872,2.4363,-2.8411,12.449,-6.4918,-6.7435
4.2009,0.80918,-2.0097,-2.0026,0.96774,6.6596,-12.113,1.2084,0.32582,-1.9802,0.0018466,1.3666,1.0536,1.8198,-2.1939,11.128,-5.8839,-6.4886
4.1767,0.80876,-1.993,-1.99,0.98859,6.6342,-11.979,1.1372,0.24558,-1.9106,-0.069577,1.3191,0.96497,1.5397,-1.8834,10.439,-5.5725,-6.4356
4.1534,0.80745,-1.9769,-1.9786,1.0061,6.6127,-11.854,1.0699,0.16575,-1.85,-0.14102,1.279,0.86786,1.2825,-1.5863,9.7376,-5.2697,-6.4211
4.1307,0.80526,-1.9612,-1.9685,1.0206,6.5948,-11.737,1.0062,0.085905,-1.7974,-0.21182,1.2455,0.76712,1.0492,-1.306,9.0337,-4.983,-6.4364
4.1087,0.80219,-1.9459,-1.9596,1.0323,6.5802,-11.629,0.94599,0.005734,-1.7516,-0.28148,1.2176,0.66711,0.83922,-1.0452,8.3366,-4.7174,-6.4726
4.0661,0.79351,-1.9162,-1.9453,1.0485,6.5601,-11.439,0.83469,-0.15633,-1.6762,-0.41624,1.1756,0.48303,0.48225,-0.58937,7.0004,-4.2578,-6.5761
4.0252,0.78157,-1.8874,-1.9353,1.0568,6.5501,-11.28,0.73363,-0.32104,-1.6168,-0.54431,1.1476,0.33432,0.19233,-0.22376,5.7889,-3.8902,-6.6772
3.9857,0.76652,-1.8591,-1.9284,1.0584,6.5482,-11.15,0.64074,-0.48785,-1.5695,-0.66591,1.1306,0.2269,-0.051583,0.05851,4.7315,-3.598,-6.7418
3.9472,0.74852,-1.8311,-1.9237,1.0544,6.5525,-11.044,0.55438,-0.65565,-1.5337,-0.78167,1.1237,0.15777,-0.26711,0.27152,3.8296,-3.3614,-6.7574
3.9135,0.73013,-1.8062,-1.9206,1.0465,6.5601,-10.967,0.48206,-0.80487,-1.5125,-0.88032,1.1269,0.12232,-0.44562,0.416,3.1436,-3.1842,-6.7325
3.8802,0.70961,-1.7812,-1.9181,1.0348,6.5706,-10.904,0.41338,-0.95323,-1.5029,-0.97529,1.1401,0.10485,-0.61825,0.52915,2.5487,-3.03,-6.68
3.8469,0.68702,-1.7557,-1.9159,1.0192,6.5834,-10.854,0.34791,-1.1002,-1.5069,-1.067,1.165,0.099238,-0.7893,0.61989,2.0254,-2.8934,-6.6107
3.8134,0.66244,-1.7295,-1.9137,0.99985,6.5979,-10.814,0.2853,-1.2456,-1.5267,-1.1557,1.2038,0.10012,-0.9616,0.69524,1.5549,-2.7713,-6.5356
3.7793,0.63592,-1.7023,-1.9115,0.97665,6.6141,-10.785,0.22524,-1.3893,-1.5653,-1.2417,1.2594,0.10301,-1.1369,0.76046,1.1208,-2.662,-6.4643
3.744,0.60754,-1.6737,-1.9092,0.94954,6.6315,-10.765,0.16747,-1.5316,-1.6265,-1.3251,1.3355,0.10421,-1.316,0.81937,0.70947,-2.5647,-6.4043
3.7071,0.57734,-1.6431,-1.9069,0.91842,6.6503,-10.753,0.11171,-1.6727,-1.7154,-1.4056,1.4374,0.10065,-1.4992,0.87471,0.31032,-2.4794,-6.3608
3.6679,0.54539,-1.6099,-1.9048,0.8832,6.6702,-10.751,0.057702,-1.8131,-1.8394,-1.4827,1.5726,0.089528,-1.6862,0.92839,-0.082665,-2.4071,-6.3363
3.6254,0.51179,-1.5732,-1.903,0.84381,6.6913,-10.757,0.0051336,-1.9531,-2.0089,-1.5555,1.7515,0.067935,-1.8765,0.98175,-0.46896,-2.3496,-6.3304
3.5786,0.47664,-1.532,-1.9019,0.80018,6.7136,-10.771,-0.046353,-2.0932,-2.239,-1.6222,1.9894,0.032399,-2.0692,1.0357,-0.83827,-2.3099,-6.3398
3.5258,0.4401,-1.4846,-1.9017,0.75227,6.7372,-10.794,-0.097195,-2.2336,-2.5515,-1.6806,2.3084,-0.021695,-2.2638,1.0915,-1.1678,-2.2919,-6.3586
3.4649,0.40239,-1.429,-1.903,0.70004,6.7619,-10.822,-0.14792,-2.3745,-2.9799,-1.7271,2.7419,-0.1008,-2.4597,1.1516,-1.4243,-2.2996,-6.3801
3.3927,0.36383,-1.3621,-1.9064,0.64346,6.7882,-10.856,-0.19911,-2.5158,-3.5761,-1.7558,3.342,-0.21433,-2.6572,1.2228,-1.5755,-2.3348,-6.3996
3.3049,0.32493,-1.2794,-1.9128,0.5825,6.8162,-10.891,-0.25138,-2.6575,-4.423,-1.7567,4.1916,-0.37714,-2.8562,1.3203,-1.6071,-2.396,-6.4164
3.1943,0.28647,-1.1739,-1.9236,0.51713,6.847,-10.926,-0.30524,-2.7996,-5.6486,-1.7112,5.4184,-0.61564,-3.0552,1.474,-1.5314,-2.4772,-6.4331
3.0509,0.24982,-1.0356,-1.941,0.44739,6.8822,-10.958,-0.36104,-2.9421,-7.4253,-1.5859,7.1948,-0.98271,-3.2503,1.7419,-1.3793,-2.5695,-6.454
2.8607,0.21732,-0.85056,-1.9689,0.37346,6.9257,-10.987,-0.41889,-3.0851,-9.8816,-1.3253,9.6492,-1.597,-3.4327,2.2478,-1.1847,-2.6624,-6.4831
2.6107,0.19276,-0.60565,-2.0155,0.29578,6.9855,-11.011,-0.47871,-3.2289,-12.735,-0.85909,12.499,-2.7672,-3.5841,3.3046,-0.97609,-2.7444,-6.5227
2.3053,0.18104,-0.30554,-2.1017,0.21546,7.0823,-11.03,-0.54011,-3.3737,-14.694,-0.16993,14.454,-5.4882,-3.6597,5.9115,-0.77429,-2.8041,-6.5728
2.1579,0.18111,-0.16056,-2.1679,0.17911,7.1524,-11.037,-0.56811,-3.4392,-14.809,0.18935,14.567,-8.0635,-3.6349,8.4358,-0.68895,-2.8214,-6.598
2.0122,0.1848,-0.017301,-2.2687,0.14338,7.2568,-11.044,-0.59625,-3.505,-14.35,0.54768,14.105,-12.726,-3.5241,13.048,-0.60914,-2.832,-6.6241
1.8738,0.19194,0.11871,-2.4358,0.10958,7.4268,-11.049,-0.62445,-3.5711,-13.415,0.8823,13.169,-21.962,-3.2148,22.235,-0.5365,-2.8353,-6.6506
1.7464,0.20223,0.24365,-2.7389,0.081021,7.7324,-11.055,-0.65266,-3.6374,-12.179,1.178,11.931,-40.424,-2.3734,40.652,-0.47259,-2.8312,-6.6769
1.6874,0.20842,0.30135,-2.9719,0.071121,7.9665,-11.057,-0.66674,-3.6706,-11.506,1.3091,11.257,-52.677,-1.5601,52.883,-0.44449,-2.8264,-6.6897
1.6319,0.21524,0.35567,-3.2574,0.066071,8.2529,-11.059,-0.68078,-3.704,-10.823,1.4285,10.573,-61.308,-0.45441,61.492,-0.41917,-2.8202,-6.7023
1.6054,0.21886,0.38155,-3.4112,0.065701,8.4071,-11.06,-0.6878,-3.7206,-10.483,1.4838,10.233,-62.058,0.16622,62.231,-0.40745,-2.8164,-6.7084
1.5797,0.22262,0.40659,-3.5637,0.066882,8.5601,-11.061,-0.6948,-3.7373,-10.147,1.5362,9.8962,-59.944,0.78094,60.108,-0.39644,-2.8122,-6.7143
1.5309,0.23051,0.45418,-3.8402,0.073598,8.8374,-11.063,-0.70877,-3.7708,-9.4877,1.6324,9.2368,-49.739,1.8462,49.882,-0.37665,-2.8025,-6.7257
1.51,0.23421,0.47454,-3.9447,0.078159,8.9422,-11.064,-0.71504,-3.7858,-9.1995,1.6723,8.9484,-44.17,2.2134,44.305,-0.36891,-2.7977,-6.7308
1.4897,0.238,0.49426,-4.0377,0.08346,9.0355,-11.065,-0.7213,-3.8009,-8.9173,1.7099,8.6659,-38.761,2.5224,38.888,-0.36164,-2.7926,-6.7356
1.47,0.24186,0.51336,-4.1189,0.089413,9.1169,-11.065,-0.72755,-3.816,-8.6414,1.7456,8.3899,-33.816,2.7737,33.934,-0.35508,-2.7872,-6.7403
1.451,0.24581,0.53184,-4.1896,0.095847,9.1879,-11.066,-0.73378,-3.8311,-8.3724,1.7792,8.1207,-29.464,2.9772,29.574,-0.34918,-2.7815,-6.7449
1.4325,0.24983,0.54973,-4.2511,0.10272,9.2496,-11.067,-0.74,-3.8462,-8.1104,1.8109,7.8586,-25.686,3.1413,25.789,-0.34399,-2.7756,-6.7494
1.4146,0.25392,0.56704,-4.3052,0.10989,9.304,-11.068,-0.74621,-3.8613,-7.8556,1.8408,7.6038,-22.467,3.2763,22.562,-0.33935,-2.7694,-6.7536
1.3973,0.25807,0.58379,-4.3521,0.11737,9.351,-11.068,-0.7524,-3.8765,-7.6083,1.8689,7.3564,-19.724,3.3835,19.813,-0.33556,-2.763,-6.7578
1.3806,0.26229,0.59999,-4.3937,0.12504,9.3928,-11.069,-0.75858,-3.8916,-7.3684,1.8952,7.1164,-17.407,3.4726,17.488,-0.33233,-2.7564,-6.7618
1.3643,0.26656,0.61566,-4.4303,0.13291,9.4296,-11.07,-0.76475,-3.9067,-7.1359,1.9199,6.8839,-15.427,3.5449,15.502,-0.32982,-2.7495,-6.7656
1.3486,0.27089,0.63082,-4.463,0.14091,9.4624,-11.071,-0.7709,-3.9219,-6.9109,1.943,6.6589,-13.748,3.6045,13.816,-0.32798,-2.7425,-6.7692
1.3334,0.27526,0.64549,-4.4921,0.14904,9.4917,-11.071,-0.77703,-3.9371,-6.6932,1.9646,6.4413,-12.309,3.6536,12.371,-0.32682,-2.7352,-6.7727
1.3186,0.27968,0.65968,-4.5182,0.15726,9.518,-11.072,-0.78315,-3.9522,-6.4828,1.9847,6.2309,-11.075,3.6939,11.131,-0.32634,-2.7278,-6.7761
1.3043,0.28415,0.6734,-4.5418,0.16557,9.5417,-11.073,-0.78925,-3.9674,-6.2795,2.0034,6.0277,-10.01,3.7272,10.06,-0.32652,-2.7202,-6.7792
1.2771,0.2932,0.69952,-4.5826,0.18238,9.5827,-11.074,-0.80139,-3.9978,-5.8937,2.0369,5.6422,-8.2836,3.7767,8.3227,-0.32887,-2.7046,-6.785
1.2515,0.30238,0.72398,-4.6166,0.19937,9.6168,-11.076,-0.81347,-4.0282,-5.5345,2.0654,5.2834,-6.9632,3.8092,6.9925,-0.33379,-2.6885,-6.7901
1.2275,0.31169,0.74688,-4.6454,0.21648,9.6458,-11.077,-0.82547,-4.0586,-5.2003,2.0894,4.9497,-5.9357,3.829,5.9562,-0.34119,-2.6719,-6.7945
1.2049,0.32109,0.76834,-4.6701,0.23365,9.6705,-11.079,-0.8374,-4.089,-4.8895,2.1092,4.6396,-5.1231,3.8391,5.1359,-0.35097,-2.655,-6.7983
1.1836,0.33057,0.78847,-4.6916,0.25086,9.692,-11.08,-0.84925,-4.1195,-4.6006,2.1252,4.3515,-4.4712,3.8418,4.4771,-0.36298,-2.6379,-6.8014
1.1637,0.34012,0.80735,-4.7104,0.26806,9.7108,-11.082,-0.86103,-4.15,-4.3319,2.1377,4.0838,-3.9412,3.8384,3.9412,-0.3771,-2.6207,-6.8039
1.1448,0.34972,0.82508,-4.727,0.28523,9.7275,-11.084,-0.87273,-4.1804,-4.0819,2.1471,3.8349,-3.5051,3.83,3.5002,-0.39316,-2.6033,-6.8058
1.1271,0.35935,0.84173,-4.7419,0.30235,9.7423,-11.086,-0.88435,-4.2109,-3.8493,2.1535,3.6034,-3.1424,3.8174,3.1333,-0.411,-2.586,-6.8072
1.0945,0.37867,0.87209,-4.7674,0.3364,9.7677,-11.089,-0.90735,-4.2719,-3.4304,2.1586,3.1874,-2.5796,3.7822,2.5647,-0.45139,-2.5518,-6.8083
1.0655,0.39799,0.89899,-4.7885,0.37007,9.7887,-11.094,-0.93006,-4.3329,-3.0655,2.1546,2.826,-2.1693,3.7362,2.1516,-0.49703,-2.5185,-6.8077
1.0395,0.41724,0.92285,-4.8065,0.4033,9.8065,-11.098,-0.95247,-4.3938,-2.7463,2.1431,2.5107,-1.8616,3.6818,1.8435,-0.5468,-2.4865,-6.8055
1.0161,0.43636,0.94408,-4.8221,0.43601,9.822,-11.104,-0.97461,-4.4548,-2.4657,2.1252,2.2347,-1.6254,3.6208,1.609,-0.59977,-2.4561,-6.8023
0.99519,0.4553,0.96298,-4.8358,0.46814,9.8355,-11.109,-0.99648,-4.5157,-2.2178,2.1019,1.9919,-1.4402,3.5542,1.4275,-0.65523,-2.4278,-6.7981
0.97633,0.474,0.97985,-4.848,0.49966,9.8476,-11.115,-1.0181,-4.5765,-1.9977,2.0742,1.7775,-1.2926,3.4833,1.2851,-0.71266,-2.4016,-6.7932
0.95933,0.49244,0.9949,-4.859,0.53053,9.8586,-11.122,-1.0395,-4.6374,-1.8014,2.0426,1.5874,-1.1732,3.4086,1.1723,-0.77175,-2.3777,-6.788
0.944,0.51058,1.0083,-4.8691,0.56072,9.8687,-11.129,-1.0607,-4.6981,-1.6253,2.0078,1.418,-1.0754,3.331,1.0822,-0.83238,-2.3562,-6.7824
0.93017,0.5284,1.0204,-4.8784,0.59019,9.8781,-11.137,-1.0817,-4.7589,-1.4666,1.9704,1.2666,-0.99452,3.251,1.0101,-0.89454,-2.3372,-6.7767
0.91768,0.54587,1.0311,-4.887,0.61895,9.8869,-11.145,-1.1026,-4.8195,-1.323,1.9307,1.1308,-0.92697,3.1689,0.95231,-0.95835,-2.3206,-6.7708
0.90643,0.56298,1.0406,-4.895,0.64696,9.8952,-11.154,-1.1233,-4.8802,-1.1923,1.8891,1.0083,-0.87018,3.0852,0.90618,-1.024,-2.3065,-6.7648
0.88718,0.59604,1.0568,-4.9098,0.7007,9.9108,-11.174,-1.1644,-5.0012,-0.96323,1.8014,0.79717,-0.78145,2.9141,0.84141,-1.1622,-2.2856,-6.7523
0.87172,0.62749,1.0694,-4.9231,0.75134,9.9255,-11.196,-1.2052,-5.1221,-0.76844,1.7092,0.6221,-0.71735,2.7395,0.80476,-1.3118,-2.2741,-6.7384
0.85949,0.65726,1.0792,-4.9356,0.79883,9.9397,-11.221,-1.2459,-5.2426,-0.59997,1.6141,0.47502,-0.6712,2.5627,0.78971,-1.4761,-2.2717,-6.7221
0.8501,0.68531,1.0866,-4.9473,0.84314,9.9539,-11.249,-1.2867,-5.3629,-0.45192,1.5172,0.34993,-0.63885,2.3845,0.79231,-1.6586,-2.2777,-6.7017
0.84321,0.71161,1.0919,-4.9585,0.88426,9.9682,-11.28,-1.3276,-5.4827,-0.31992,1.4192,0.24232,-0.61768,2.2056,0.81023,-1.8628,-2.2919,-6.6756
0.83856,0.73615,1.0953,-4.9695,0.92216,9.983,-11.316,-1.3688,-5.602,-0.20072,1.3208,0.14878,-0.60607,2.0264,0.84215,-2.0921,-2.3137,-6.6422
0.83595,0.75893,1.0973,-4.9803,0.95686,9.9985,-11.355,-1.4105,-5.7206,-0.091916,1.2228,0.066732,-0.60305,1.847,0.88739,-2.3499,-2.3427,-6.6003
0.83522,0.77996,1.0978,-4.9911,0.98834,10.015,-11.4,-1.4528,-5.8384,0.0082624,1.1255,-0.0058337,-0.60803,1.6677,0.94573,-2.639,-2.3783,-6.5493
0.83621,0.79926,1.0971,-5.0021,1.0166,10.032,-11.45,-1.4958,-5.9552,0.10113,1.0294,-0.07047,-0.62066,1.4885,1.0172,-2.9619,-2.4201,-6.4895
0.8388,0.81686,1.0953,-5.0134,1.0417,10.051,-11.506,-1.5395,-6.0709,0.18766,0.935,-0.12842,-0.64069,1.3094,1.102,-3.3204,-2.4672,-6.4223
0.8484,0.84705,1.0889,-5.0374,1.0821,10.094,-11.64,-1.6298,-6.2984,0.34466,0.75218,-0.22819,-0.70165,0.94958,1.3125,-4.1482,-2.5726,-6.278
0.86329,0.87086,1.0791,-5.064,1.1096,10.146,-11.805,-1.7239,-6.5209,0.48444,0.57848,-0.31202,-0.78678,0.58257,1.5793,-5.1244,-2.6803,-6.1533
0.88297,0.88862,1.0666,-5.0939,1.1237,10.208,-12.009,-1.8216,-6.7401,0.61242,0.41405,-0.38608,-0.88782,0.19752,1.9031,-6.2464,-2.7653,-6.1001
0.90711,0.90064,1.0515,-5.1276,1.1234,10.283,-12.255,-1.9214,-6.9595,0.73521,0.25859,-0.45661,-0.98982,-0.22,2.2811,-7.5101,-2.7911,-6.1709
0.93567,0.90726,1.0339,-5.1645,1.1074,10.372,-12.548,-2.0203,-7.1842,0.85974,0.11302,-0.52948,-1.0669,-0.68198,2.7019,-8.9086,-2.7126,-6.3966
0.96879,0.9089,1.0135,-5.2032,1.074,10.477,-12.894,-2.114,-7.4195,0.98951,-0.018682,-0.60812,-1.0773,-1.1837,3.1378,-10.433,-2.4857,-6.755
1.0065,0.90617,0.99027,-5.2403,1.0226,10.597,-13.298,-2.1963,-7.6685,1.1173,-0.13017,-0.68909,-0.96737,-1.6831,3.5451,-12.12,-2.0796,-7.1396
1.0485,0.89985,0.96428,-5.2706,0.95454,10.73,-13.767,-2.2606,-7.929,1.2201,-0.21819,-0.75852,-0.68822,-2.0919,3.8839,-14.171,-1.466,-7.3418
1.0933,0.89072,0.93632,-5.2873,0.87513,10.874,-14.323,-2.2978,-8.1886,1.2643,-0.28725,-0.79505,-0.2127,-2.2866,4.1326,-16.964,-0.53392,-7.0011
1.1159,0.8853,0.92205,-5.2885,0.83429,10.949,-14.642,-2.3015,-8.3095,1.2558,-0.31693,-0.79495,0.091148,-2.2573,4.22,-18.673,0.1423,-6.45
1.1381,0.87938,0.90792,-5.284,0.79493,11.025,-14.993,-2.2913,-8.4174,1.2251,-0.34393,-0.78113,0.4118,-2.12,4.2919,-20.445,1.0353,-5.5412
1.1596,0.873,0.89415,-5.2739,0.75902,11.103,-15.374,-2.2629,-8.5057,1.1731,-0.36894,-0.75371,0.70578,-1.8707,4.378,-22.083,2.1881,-4.248
1.18,0.86615,0.881,-5.2591,0.72848,11.183,-15.783,-2.2115,-8.5677,1.1004,-0.39547,-0.71275,0.923,-1.5189,4.5384,-23.519,3.6009,-2.6141
1.1989,0.85877,0.86869,-5.2415,0.70517,11.266,-16.216,-2.1327,-8.5978,1.0105,-0.42953,-0.6602,1.0073,-1.0744,4.8532,-24.864,5.2112,-0.7285
1.2078,0.85484,0.8629,-5.2326,0.69667,11.311,-16.442,-2.0823,-8.5999,0.96303,-0.44993,-0.63204,0.97141,-0.82272,5.0907,-25.502,6.0496,0.27647
1.2162,0.85071,0.85736,-5.2243,0.69047,11.358,-16.673,-2.0244,-8.5928,0.91697,-0.4716,-0.60466,0.86435,-0.55912,5.3879,-26.094,6.8771,1.3078
1.2242,0.84639,0.85206,-5.2174,0.68664,11.408,-16.909,-1.9592,-8.5764,0.87555,-0.49303,-0.58019,0.67415,-0.29598,5.7416,-26.61,7.6584,2.3496
1.2319,0.84188,0.84695,-5.2125,0.68511,11.461,-17.149,-1.8874,-8.5507,0.842,-0.51237,-0.56078,0.3964,-0.050711,6.1409,-27.021,8.3546,3.3847
1.2393,0.83722,0.84199,-5.2105,0.68563,11.518,-17.393,-1.8099,-8.5159,0.81896,-0.52793,-0.54828,0.037371,0.15715,6.5671,-27.318,8.93,4.3963
1.2466,0.83244,0.83711,-5.2121,0.68776,11.578,-17.638,-1.7279,-8.4721,0.80822,-0.53847,-0.54396,-0.38568,0.30915,6.997,-27.503,9.3565,5.3686
1.2539,0.82759,0.83222,-5.2176,0.69095,11.643,-17.885,-1.6428,-8.4198,0.81058,-0.54343,-0.54844,-0.84784,0.39108,7.407,-27.597,9.6173,6.2868
1.2612,0.82272,0.82726,-5.2273,0.69453,11.711,-18.133,-1.5561,-8.3597,0.82597,-0.54291,-0.56181,-1.3216,0.39475,7.7774,-27.624,9.7077,7.1354
1.2687,0.81788,0.82213,-5.2412,0.69778,11.782,-18.38,-1.4694,-8.2923,0.85384,-0.53762,-0.58379,-1.7811,0.31813,8.0957,-27.617,9.6326,7.897
1.2765,0.8131,0.81677,-5.2591,0.7,11.856,-18.627,-1.384,-8.2185,0.89358,-0.52872,-0.61407,-2.2058,0.16436,8.3571,-27.605,9.4035,8.551
1.2847,0.80842,0.81111,-5.2806,0.70052,11.932,-18.875,-1.3014,-8.1395,0.94488,-0.51763,-0.65254,-2.5806,-0.059658,8.5641,-27.619,9.0346,9.0739
1.2935,0.80383,0.80506,-5.3051,0.69875,12.009,-19.122,-1.2226,-8.0565,1.008,-0.50579,-0.69947,-2.8961,-0.34454,8.7236,-27.684,8.5394,9.4395
1.3028,0.79935,0.79855,-5.3322,0.6942,12.088,-19.371,-1.1487,-7.9709,1.0837,-0.49446,-0.75546,-3.1474,-0.6791,8.8453,-27.821,7.9281,9.6216
1.3129,0.79497,0.7915,-5.3613,0.68647,12.167,-19.621,-1.0809,-7.8847,1.1727,-0.48447,-0.82123,-3.3337,-1.0506,8.9396,-28.046,7.206,9.5953
1.3239,0.79067,0.78381,-5.3918,0.67531,12.248,-19.873,-1.02,-7.7997,1.2757,-0.47625,-0.89725,-3.4585,-1.4452,9.018,-28.368,6.3734,9.3405
1.3358,0.78643,0.77539,-5.4231,0.66056,12.329,-20.129,-0.96705,-7.7181,1.3924,-0.46998,-0.98353,-3.5303,-1.8487,9.0936,-28.79,5.4258,8.8435
1.3489,0.78225,0.76616,-5.4549,0.6422,12.411,-20.39,-0.92315,-7.6421,1.5221,-0.46588,-1.0797,-3.5641,-2.2485,9.1842,-29.317,4.3549,8.0986
1.3631,0.77808,0.75602,-5.4869,0.62031,12.494,-20.655,-0.88944,-7.5738,1.6644,-0.46449,-1.1855,-3.5814,-2.6365,9.3134,-29.959,3.1481,7.107
1.3787,0.77391,0.74489,-5.5191,0.59501,12.578,-20.927,-0.86721,-7.5155,1.8205,-0.46655,-1.3019,-3.6088,-3.0121,9.5099,-30.724,1.789,5.8745
1.3958,0.76971,0.73266,-5.5517,0.56637,12.664,-21.206,-0.85791,-7.4692,1.9941,-0.47238,-1.432,-3.6728,-3.3832,9.8021,-31.612,0.2575,4.4098
1.4145,0.76544,0.71919,-5.5851,0.53438,12.754,-21.493,-0.86317,-7.4371,2.1925,-0.4807,-1.5809,-3.7938,-3.7642,10.209,-32.596,-1.4661,2.7257
1.4352,0.76111,0.70427,-5.6198,0.49887,12.847,-21.79,-0.88478,-7.421,2.4242,-0.4875,-1.7552,-3.978,-4.1696,10.727,-33.604,-3.3938,0.84444
1.4581,0.75674,0.68765,-5.6565,0.45959,12.946,-22.095,-0.92455,-7.4225,2.6954,-0.48565,-1.9597,-4.2142,-4.6041,11.328,-34.52,-5.516,-1.1922
1.4836,0.75246,0.66907,-5.6954,0.41635,13.05,-22.407,-0.98404,-7.4426,3.0048,-0.46635,-2.1935,-4.4788,-5.0517,11.961,-35.212,-7.7856,-3.3139
1.512,0.74846,0.6483,-5.7367,0.36918,13.16,-22.725,-1.0642,-7.4818,3.339,-0.42254,-2.4466,-4.7525,-5.4702,12.58,-35.581,-10.103,-5.419
1.5434,0.74497,0.62525,-5.7806,0.31864,13.276,-23.044,-1.1647,-7.5393,3.6719,-0.35276,-2.6992,-5.0501,-5.7949,13.173,-35.615,-12.313,-7.3818
1.5776,0.7422,0.60002,-5.8275,0.26587,13.397,-23.362,-1.2839,-7.6132,3.9705,-0.26321,-2.9262,-5.4691,-5.9542,13.82,-35.398,-14.226,-9.0726
1.6143,0.74028,0.57297,-5.8797,0.21264,13.524,-23.678,-1.4181,-7.7006,4.2055,-0.16546,-3.1048,-6.2855,-5.8926,14.787,-35.088,-15.651,-10.381
1.6527,0.73922,0.54459,-5.9433,0.16105,13.664,-23.991,-1.5623,-7.7978,4.3618,-0.070945,-3.2233,-8.2117,-5.5876,16.788,-34.874,-16.451,-11.234
1.6922,0.73898,0.51541,-6.0356,0.11327,13.834,-24.303,-1.7107,-7.9004,4.4407,0.014243,-3.2824,-13.284,-5.04,21.869,-34.937,-16.568,-11.601
1.7321,0.73945,0.48594,-6.2094,0.071623,14.084,-24.618,-1.8571,-8.0041,4.4548,0.089741,-3.2914,-28.614,-4.1833,37.164,-35.431,-16.019,-11.473
1.752,0.73993,0.47122,-6.3747,0.054294,14.288,-24.777,-1.9278,-8.055,4.4421,0.12421,-3.2806,-47.015,-3.5037,55.54,-35.877,-15.509,-11.219
1.7719,0.74056,0.45657,-6.6536,0.040852,14.605,-24.939,-1.9958,-8.1044,4.4189,0.15621,-3.2615,-78.588,-2.3932,87.084,-36.468,-14.847,-10.832
1.7916,0.74132,0.44202,-7.0855,0.034014,15.075,-25.104,-2.0606,-8.1518,4.3867,0.18557,-3.2355,-107.63,-0.61927,116.1,-37.202,-14.04,-10.307
1.8014,0.74176,0.43479,-7.3215,0.033712,15.33,-25.188,-2.0915,-8.1746,4.367,0.19986,-3.2197,-105.23,0.31026,113.69,-37.618,-13.591,-9.9953
1.8063,0.74198,0.43119,-7.4365,0.034297,15.454,-25.23,-2.1066,-8.1856,4.3571,0.20645,-3.2117,-99.349,0.74567,107.8,-37.839,-13.354,-9.8258
1.816,0.74246,0.42401,-7.6417,0.036871,15.678,-25.316,-2.1359,-8.2072,4.3366,0.21882,-3.1952,-81.829,1.4618,90.266,-38.303,-12.852,-9.4577
1.8257,0.74296,0.41688,-7.7997,0.040648,15.855,-25.402,-2.1641,-8.228,4.3138,0.23083,-3.1769,-63.446,1.9246,71.873,-38.792,-12.324,-9.0565
1.8353,0.74349,0.40979,-7.9264,0.045345,16,-25.489,-2.1911,-8.2478,4.2922,0.24135,-3.1595,-46.949,2.2446,55.364,-39.304,-11.764,-8.6168
1.8401,0.74376,0.40625,-7.9753,0.047923,16.059,-25.533,-2.2041,-8.2573,4.2807,0.24625,-3.1503,-40.293,2.348,48.704,-39.567,-11.473,-8.3828
1.8449,0.74404,0.40273,-8.017,0.050596,16.11,-25.578,-2.2168,-8.2665,4.269,0.25091,-3.1409,-34.473,2.4263,42.879,-39.833,-11.174,-8.1396
1.8497,0.74433,0.39922,-8.0526,0.053347,16.155,-25.623,-2.2291,-8.2755,4.2574,0.25529,-3.1315,-29.42,2.4864,37.821,-40.102,-10.869,-7.8872
1.8544,0.74461,0.39572,-8.0832,0.05616,16.195,-25.668,-2.2411,-8.2842,4.2458,0.25934,-3.1221,-25.027,2.5335,33.424,-40.372,-10.557,-7.6254
1.8592,0.74491,0.39223,-8.1089,0.059015,16.23,-25.713,-2.2528,-8.2926,4.2342,0.26313,-3.1127,-21.226,2.5684,29.617,-40.642,-10.239,-7.3546
1.8639,0.7452,0.38875,-8.1309,0.061909,16.261,-25.759,-2.264,-8.3007,4.2227,0.26658,-3.1035,-17.903,2.5969,26.29,-40.913,-9.914,-7.0744
1.8686,0.7455,0.38528,-8.1491,0.064829,16.289,-25.805,-2.275,-8.3084,4.2113,0.26974,-3.0942,-15.01,2.6186,23.393,-41.181,-9.583,-6.7854
1.8733,0.74581,0.38182,-8.1646,0.067768,16.314,-25.851,-2.2855,-8.3159,4.2001,0.27258,-3.0851,-12.468,2.6372,20.847,-41.447,-9.2462,-6.4875
1.878,0.74611,0.37837,-8.1772,0.070734,16.336,-25.897,-2.2957,-8.3229,4.1891,0.27511,-3.0762,-10.233,2.6531,18.608,-41.709,-8.9035,-6.1807
1.8827,0.74642,0.37493,-8.1875,0.07371,16.356,-25.944,-2.3054,-8.3297,4.1784,0.27733,-3.0674,-8.257,2.6682,16.627,-41.966,-8.5556,-5.8655
1.8874,0.74673,0.3715,-8.1958,0.076707,16.373,-25.991,-2.3148,-8.3361,4.1679,0.27923,-3.0588,-6.5049,2.683,14.87,-42.217,-8.2025,-5.542
1.8921,0.74705,0.36808,-8.2022,0.079719,16.389,-26.039,-2.3238,-8.3421,4.1577,0.28084,-3.0505,-4.9462,2.6985,13.307,-42.459,-7.8446,-5.2106
1.8967,0.74736,0.36467,-8.2069,0.08275,16.403,-26.087,-2.3324,-8.3477,4.148,0.28214,-3.0424,-3.5559,2.7154,11.912,-42.693,-7.4822,-4.8714
1.906,0.748,0.35788,-8.2121,0.088873,16.427,-26.183,-2.3483,-8.3579,4.1296,0.28389,-3.0272,-1.2011,2.7553,9.5479,-43.127,-6.7453,-4.1715
1.9152,0.74863,0.35112,-8.2126,0.095097,16.446,-26.28,-2.3626,-8.3664,4.1132,0.28458,-3.0134,0.68716,2.8063,7.6493,-43.509,-5.9947,-3.4457
1.9244,0.74927,0.34438,-8.2093,0.10145,16.462,-26.377,-2.3752,-8.3733,4.0988,0.28433,-3.0011,2.1976,2.8706,6.1277,-43.83,-5.2336,-2.698
1.9336,0.74991,0.33767,-8.203,0.10796,16.474,-26.476,-2.386,-8.3785,4.0868,0.28329,-2.9905,3.3933,2.9494,4.9196,-44.08,-4.4656,-1.9331
1.9427,0.75054,0.33099,-8.1944,0.11467,16.484,-26.575,-2.3952,-8.3819,4.0772,0.28164,-2.9817,4.3208,3.0432,3.9787,-44.253,-3.6941,-1.156
1.9518,0.75117,0.32432,-8.1839,0.1216,16.492,-26.674,-2.4026,-8.3836,4.0701,0.27957,-2.9748,5.0155,3.152,3.2693,-44.344,-2.9231,-0.37254
1.97,0.75241,0.31102,-8.1593,0.13628,16.504,-26.873,-2.4122,-8.3818,4.0634,0.27503,-2.9664,5.8195,3.4108,2.4325,-44.27,-1.3972,1.1901
1.9882,0.75363,0.29774,-8.1327,0.15222,16.515,-27.07,-2.4151,-8.3731,4.066,0.27139,-2.9649,6.0009,3.7144,2.2139,-43.867,0.082788,2.7071
2.0065,0.75484,0.28446,-8.1063,0.16959,16.525,-27.265,-2.4116,-8.3577,4.0758,0.27012,-2.9687,5.7298,4.0471,2.4445,-43.176,1.4909,4.1337
2.0247,0.75606,0.27115,-8.0818,0.18849,16.537,-27.456,-2.4019,-8.3362,4.0903,0.27223,-2.9759,5.1583,4.3921,2.9729,-42.264,2.806,5.4324
2.0431,0.75729,0.2578,-8.0603,0.20893,16.552,-27.643,-2.3866,-8.3093,4.1063,0.27809,-2.984,4.4141,4.7339,3.6713,-41.203,4.0124,6.5758
2.0615,0.75855,0.24442,-8.0424,0.23086,16.57,-27.825,-2.3662,-8.2776,4.1208,0.28747,-2.991,3.5961,5.0598,4.4397,-40.057,5.0999,7.5469
2.08,0.75987,0.23102,-8.0281,0.25421,16.591,-28.002,-2.3411,-8.2419,4.131,0.29971,-2.9947,2.773,5.3595,5.2075,-38.881,6.063,8.3385
2.0985,0.76124,0.2176,-8.0175,0.27882,16.616,-28.174,-2.312,-8.2032,4.135,0.31393,-2.9936,1.9888,5.6254,5.928,-37.711,6.8999,8.9516
2.117,0.76268,0.20421,-8.0102,0.30453,16.644,-28.34,-2.2795,-8.162,4.1312,0.32924,-2.9867,1.2684,5.852,6.5736,-36.572,7.6121,9.3939
2.1539,0.76577,0.17759,-8.0045,0.35853,16.708,-28.658,-2.2062,-8.0755,4.0968,0.36007,-2.9531,0.058833,6.1747,7.5917,-34.442,8.6825,9.8202
2.1697,0.76719,0.1662,-8.0051,0.3826,16.738,-28.789,-2.1719,-8.0375,4.0705,0.37249,-2.9302,-0.36608,6.2583,7.9148,-33.591,9.0109,9.8426
2.1854,0.76865,0.15491,-8.0073,0.40693,16.769,-28.918,-2.1365,-7.9995,4.0374,0.38391,-2.9023,-0.73537,6.3086,8.1706,-32.784,9.2669,9.7846
2.201,0.77016,0.14374,-8.0107,0.43139,16.801,-29.043,-2.1003,-7.9618,3.998,0.39409,-2.8698,-1.0529,6.3271,8.3632,-32.018,9.457,9.658
2.2163,0.7717,0.1327,-8.0154,0.45587,16.834,-29.166,-2.0634,-7.9248,3.9528,0.4028,-2.8331,-1.3229,6.3153,8.4977,-31.291,9.5878,9.474
2.2465,0.77487,0.11109,-8.0273,0.50441,16.9,-29.403,-1.9886,-7.8533,3.8474,0.41517,-2.749,-1.7382,6.2104,8.6136,-29.943,9.6971,8.9746
2.2759,0.77811,0.090172,-8.0419,0.55178,16.967,-29.63,-1.9137,-7.7861,3.7271,0.42001,-2.6546,-2.0147,6.0143,8.5605,-28.712,9.642,8.3559
2.3042,0.78135,0.070009,-8.0582,0.59734,17.033,-29.847,-1.8397,-7.7241,3.5979,0.41691,-2.5544,-2.1813,5.7487,8.377,-27.574,9.462,7.6694
2.3316,0.78454,0.050631,-8.0755,0.64065,17.096,-30.057,-1.7675,-7.6675,3.4655,0.40606,-2.4525,-2.262,5.4347,8.0967,-26.508,9.1887,6.9513
2.3579,0.78762,0.032035,-8.0931,0.68141,17.158,-30.258,-1.6976,-7.6165,3.3343,0.38822,-2.3525,-2.2761,5.0914,7.7484,-25.501,8.8468,6.2253
2.4076,0.79325,-0.0029154,-8.1276,0.75471,17.272,-30.638,-1.5668,-7.5312,3.0888,0.33648,-2.1669,-2.1669,4.3791,6.9423,-23.644,8.031,4.8048
2.4537,0.79798,-0.035191,-8.1596,0.81719,17.373,-30.991,-1.4494,-7.4672,2.876,0.27283,-2.0078,-1.9544,3.705,6.1116,-22.01,7.1271,3.4708
2.4968,0.80169,-0.065218,-8.188,0.86983,17.461,-31.321,-1.3462,-7.4231,2.6969,0.20727,-1.8756,-1.708,3.113,5.3527,-20.632,6.2091,2.2442
2.5373,0.80441,-0.09338,-8.2126,0.91402,17.539,-31.631,-1.2569,-7.3971,2.546,0.14593,-1.7657,-1.4684,2.6107,4.7108,-19.527,5.3254,1.1304
2.5757,0.80624,-0.11998,-8.2336,0.95105,17.608,-31.927,-1.1809,-7.3875,2.4164,0.091007,-1.6726,-1.2521,2.1858,4.1916,-18.671,4.506,0.13025
2.6122,0.80726,-0.14524,-8.2515,0.98201,17.669,-32.21,-1.117,-7.3925,2.3025,0.042063,-1.5921,-1.0589,1.8216,3.778,-18.016,3.7685,-0.7552
2.6437,0.80756,-0.16697,-8.2651,1.0054,17.72,-32.458,-1.0686,-7.4079,2.2108,0.0018744,-1.5282,-0.89789,1.5346,3.4745,-17.551,3.1817,-1.4521
2.6589,0.80751,-0.17752,-8.2711,1.0156,17.743,-32.58,-1.0474,-7.4192,2.1683,-0.017226,-1.499,-0.81946,1.4038,3.3409,-17.349,2.9162,-1.7645
2.6739,0.80732,-0.18786,-8.2765,1.0249,17.766,-32.7,-1.028,-7.4325,2.1281,-0.035821,-1.4714,-0.74135,1.281,3.2168,-17.161,2.6691,-2.0526
2.703,0.80657,-0.20801,-8.2857,1.0412,17.81,-32.937,-0.99393,-7.4647,2.0539,-0.071805,-1.4212,-0.58385,1.0598,2.9904,-16.816,2.2279,-2.556
2.7312,0.80533,-0.2275,-8.2928,1.0546,17.85,-33.169,-0.96558,-7.5033,1.9879,-0.10645,-1.3773,-0.4232,0.87233,2.7855,-16.495,1.8515,-2.9641
2.7584,0.80361,-0.24641,-8.2975,1.0657,17.887,-33.396,-0.94207,-7.5469,1.9296,-0.13982,-1.3393,-0.2606,0.72042,2.5971,-16.187,1.531,-3.2812
2.785,0.80144,-0.26484,-8.3,1.0749,17.922,-33.62,-0.9227,-7.5943,1.8783,-0.17189,-1.3066,-0.099957,0.60525,2.4234,-15.891,1.2559,-3.5138
2.8108,0.79883,-0.28285,-8.3003,1.0827,17.955,-33.839,-0.90691,-7.6444,1.8331,-0.20265,-1.2786,0.053241,0.52637,2.2644,-15.606,1.0156,-3.67
2.8361,0.7958,-0.30049,-8.2986,1.0897,17.985,-34.055,-0.89428,-7.6963,1.7931,-0.23219,-1.2546,0.19295,0.48158,2.1208,-15.333,0.80025,-3.7584
2.8608,0.79236,-0.31783,-8.2951,1.0963,18.014,-34.267,-0.88453,-7.7489,1.7577,-0.26076,-1.2341,0.31344,0.46709,1.9928,-15.068,0.60152,-3.7875
2.8851,0.78853,-0.3349,-8.29,1.1028,18.041,-34.475,-0.87747,-7.8016,1.7263,-0.28869,-1.2168,0.40985,0.47784,1.8803,-14.808,0.41312,-3.7648
2.9089,0.78432,-0.35175,-8.2838,1.1097,18.066,-34.679,-0.87299,-7.8536,1.6987,-0.31636,-1.2024,0.4786,0.50784,1.7821,-14.545,0.23084,-3.6968
2.9324,0.77972,-0.36842,-8.2768,1.117,18.091,-34.88,-0.87102,-7.9044,1.6748,-0.34409,-1.191,0.51772,0.55055,1.6962,-14.273,0.05255,-3.5889
2.9786,0.76934,-0.40139,-8.2622,1.1337,18.136,-35.27,-0.8744,-8.0003,1.6389,-0.40061,-1.1773,0.50788,0.64759,1.5523,-13.672,-0.29209,-3.2717
3.0194,0.75864,-0.43088,-8.2505,1.1509,18.173,-35.605,-0.8854,-8.0777,1.6206,-0.45287,-1.1761,0.41289,0.71616,1.4419,-13.057,-0.57998,-2.8937
3.06,0.74662,-0.46047,-8.242,1.1693,18.208,-35.924,-0.90321,-8.1449,1.6147,-0.50571,-1.1852,0.26287,0.74273,1.3401,-12.396,-0.83348,-2.4527
3.1005,0.73328,-0.4904,-8.2376,1.1877,18.241,-36.227,-0.92684,-8.2004,1.6193,-0.55802,-1.2031,0.085312,0.71833,1.2446,-11.736,-1.043,-1.971
3.1413,0.71864,-0.52088,-8.2378,1.2049,18.271,-36.513,-0.95514,-8.2436,1.6316,-0.60915,-1.2281,-0.098719,0.64442,1.1579,-11.124,-1.2065,-1.4683
3.1824,0.70273,-0.55206,-8.2425,1.2197,18.299,-36.785,-0.98701,-8.274,1.6497,-0.65926,-1.2588,-0.2767,0.5268,1.0836,-10.586,-1.3302,-0.96146
3.2198,0.68734,-0.58082,-8.2504,1.2301,18.323,-37.019,-1.0181,-8.2907,1.67,-0.70427,-1.2908,-0.42653,0.38822,1.0296,-10.171,-1.4177,-0.51508
3.2578,0.67093,-0.61036,-8.2616,1.237,18.345,-37.245,-1.0509,-8.2975,1.6944,-0.75031,-1.3271,-0.56418,0.22152,0.98855,-9.8157,-1.495,-0.090048
3.2996,0.65197,-0.64331,-8.2771,1.2399,18.369,-37.48,-1.0885,-8.2944,1.7268,-0.80267,-1.3725,-0.6976,0.011395,0.9591,-9.4839,-1.5821,0.33174
