0,0,0,0,0,0,0,0,0,0,0,0,0
0.1,-0.0046931,-0.0010984,-0.0013088,-0.00019347,-0.00033948,0.00042359,-0.093807,-0.021963,-0.026166,-0.0038687,-0.0067855,0.0084673
0.2,-0.01875,-0.0043931,-0.0052321,-0.00077216,-0.0013572,0.0016919,-0.18726,-0.043942,-0.052299,-0.0077245,-0.013554,0.016902
0.3,-0.042133,-0.0098902,-0.011769,-0.0017322,-0.003053,0.0038002,-0.28034,-0.066024,-0.078454,-0.011567,-0.020309,0.0253
0.4,-0.074803,-0.017604,-0.020925,-0.0030681,-0.0054285,0.0067428,-0.37298,-0.088297,-0.10468,-0.015397,-0.027058,0.033658
0.5,-0.11671,-0.027559,-0.03271,-0.0047725,-0.0084864,0.010513,-0.46518,-0.11085,-0.13104,-0.019214,-0.033805,0.041971
0.6,-0.16782,-0.039785,-0.047139,-0.0068366,-0.012231,0.015102,-0.55687,-0.13375,-0.15757,-0.023019,-0.040554,0.050234
0.7,-0.22807,-0.054324,-0.064233,-0.0092497,-0.016668,0.020502,-0.64803,-0.15711,-0.18433,-0.02681,-0.047311,0.058445
0.8,-0.29741,-0.071224,-0.084015,-0.012,-0.021804,0.026701,-0.73861,-0.18098,-0.21137,-0.030588,-0.054081,0.066599
0.9,-0.37577,-0.09054,-0.10652,-0.015073,-0.027646,0.033691,-0.82858,-0.20545,-0.23873,-0.034353,-0.060868,0.074691
1,-0.4631,-0.11234,-0.13177,-0.018454,-0.034205,0.041457,-0.91788,-0.23061,-0.26645,-0.038106,-0.067677,0.082718
1.1,-0.55933,-0.13669,-0.15982,-0.022125,-0.04149,0.049989,-1.0065,-0.25651,-0.29458,-0.041845,-0.074513,0.090676
1.2,-0.66437,-0.16367,-0.1907,-0.026068,-0.049511,0.059272,-1.0943,-0.28325,-0.32316,-0.045572,-0.081379,0.09856
1.3,-0.77816,-0.19337,-0.22447,-0.030262,-0.058281,0.069293,-1.1814,-0.31088,-0.35223,-0.049286,-0.088281,0.10637
1.4,-0.90062,-0.22588,-0.26117,-0.034686,-0.067812,0.080038,-1.2675,-0.33948,-0.38182,-0.052987,-0.095222,0.11409
1.5,-1.0316,-0.2613,-0.30085,-0.039315,-0.078116,0.091492,-1.3528,-0.36912,-0.41197,-0.056674,-0.10221,0.12173
1.6,-1.1711,-0.29974,-0.34358,-0.044126,-0.089208,0.10364,-1.4371,-0.39985,-0.44271,-0.060349,-0.10924,0.12928
1.7,-1.319,-0.34131,-0.38941,-0.04909,-0.1011,0.11647,-1.5203,-0.43174,-0.47407,-0.064011,-0.11632,0.13673
1.8,-1.4752,-0.38613,-0.43842,-0.054179,-0.11381,0.12997,-1.6025,-0.46486,-0.50607,-0.067661,-0.12346,0.14409
1.9,-1.6395,-0.43432,-0.49065,-0.059364,-0.12734,0.14412,-1.6834,-0.49924,-0.53874,-0.071297,-0.13066,0.15134
2,-1.8118,-0.48602,-0.54619,-0.064611,-0.14172,0.15891,-1.7631,-0.53495,-0.57209,-0.07492,-0.13792,0.15849
2.1,-1.9921,-0.54136,-0.60509,-0.069888,-0.15696,0.17432,-1.8415,-0.57204,-0.60615,-0.07853,-0.14525,0.16552
2.2,-2.1801,-0.60047,-0.66744,-0.075158,-0.17306,0.19036,-1.9185,-0.61054,-0.64092,-0.082128,-0.15264,0.17244
2.3,-2.3757,-0.66351,-0.7333,-0.080385,-0.19004,0.207,-1.994,-0.65051,-0.67641,-0.085712,-0.16011,0.17923
2.4,-2.5788,-0.73062,-0.80275,-0.085527,-0.20792,0.22424,-2.0679,-0.69197,-0.71263,-0.089284,-0.16765,0.1859
2.5,-2.7892,-0.80196,-0.87585,-0.090543,-0.22671,0.24208,-2.1402,-0.73497,-0.74958,-0.092843,-0.17527,0.19245
2.6,-3.0068,-0.87767,-0.95269,-0.095388,-0.24641,0.26051,-2.2106,-0.77951,-0.78725,-0.096388,-0.18297,0.19885
2.7,-3.2313,-0.95791,-1.0333,-0.10001,-0.26704,0.27953,-2.2793,-0.82564,-0.82563,-0.099921,-0.19075,0.20512
2.8,-3.4626,-1.0429,-1.1178,-0.10437,-0.2886,0.29916,-2.3459,-0.87337,-0.86471,-0.10344,-0.19862,0.21124
2.9,-3.7004,-1.1326,-1.2063,-0.10841,-0.3111,0.31939,-2.4105,-0.9227,-0.90448,-0.10695,-0.20657,0.21721
3,-3.9446,-1.2274,-1.2988,-0.11206,-0.33454,0.34025,-2.473,-0.97365,-0.94491,-0.11044,-0.21461,0.22302
3.1,-4.1949,-1.3274,-1.3953,-0.11526,-0.35893,0.36175,-2.5332,-1.0262,-0.98597,-0.11392,-0.22275,0.22868
3.2,-4.4512,-1.4327,-1.496,-0.11795,-0.38427,0.38391,-2.5909,-1.0804,-1.0276,-0.11739,-0.23097,0.23417
3.3,-4.713,-1.5436,-1.6008,-0.12006,-0.41055,0.40679,-2.6462,-1.1362,-1.0698,-0.12085,-0.23929,0.2395
3.4,-4.9803,-1.66,-1.71,-0.12148,-0.43778,0.43041,-2.699,-1.1935,-1.1126,-0.12429,-0.2477,0.24464
3.5,-5.2527,-1.7823,-1.8234,-0.12214,-0.46594,0.45484,-2.7489,-1.2524,-1.1558,-0.12772,-0.2562,0.24961
3.6,-5.53,-1.9106,-1.9411,-0.12193,-0.49503,0.48014,-2.7961,-1.3128,-1.1993,-0.13114,-0.26481,0.25439
3.7,-5.8119,-2.0449,-2.0632,-0.12074,-0.52503,0.5064,-2.8403,-1.3746,-1.2433,-0.13454,-0.2735,0.25898
3.8,-6.098,-2.1855,-2.1898,-0.11842,-0.55591,0.53371,-2.8815,-1.4379,-1.2875,-0.13793,-0.2823,0.26337
3.9,-6.3881,-2.3325,-2.3208,-0.11483,-0.58766,0.5622,-2.9196,-1.5025,-1.3319,-0.14131,-0.29119,0.26757
4,-6.6818,-2.4861,-2.4562,-0.10979,-0.62024,0.59203,-2.9544,-1.5684,-1.3764,-0.14467,-0.30017,0.27155
4.1,-6.9788,-2.6463,-2.596,-0.10309,-0.65361,0.62336,-2.9859,-1.6356,-1.421,-0.14803,-0.30925,0.27532
4.2,-7.2789,-2.8132,-2.7404,-0.094496,-0.68772,0.65642,-3.0139,-1.7038,-1.4655,-0.15136,-0.31842,0.27887
4.3,-7.5815,-2.9871,-2.8891,-0.083727,-0.72251,0.69145,-3.0383,-1.7731,-1.5098,-0.15469,-0.32769,0.28219
4.4,-7.8864,-3.1679,-3.0423,-0.070435,-0.7579,0.7288,-3.0592,-1.8434,-1.5539,-0.158,-0.33705,0.28529
4.5,-8.1932,-3.3558,-3.1999,-0.054221,-0.79381,0.76883,-3.0763,-1.9144,-1.5976,-0.1613,-0.3465,0.28815
4.6,-8.5015,-3.5508,-3.3618,-0.034602,-0.8301,0.81202,-3.0897,-1.9862,-1.6408,-0.16459,-0.35604,0.29076
4.7,-8.811,-3.753,-3.528,-0.010995,-0.86663,0.85894,-3.0992,-2.0585,-1.6834,-0.16787,-0.36567,0.29313
4.8,-9.1212,-3.9625,-3.6985,0.017309,-0.90322,0.91027,-3.1048,-2.1313,-1.7253,-0.17113,-0.37538,0.29525
4.9,-9.4318,-4.1793,-3.8731,0.051158,-0.93963,0.96686,-3.1065,-2.2044,-1.7663,-0.17438,-0.38517,0.2971
5,-9.7424,-4.4034,-4.0517,0.091568,-0.97556,1.0297,-3.1042,-2.2776,-1.8063,-0.17761,-0.39504,0.29869
5.1,-10.053,-4.6348,-4.2343,0.13974,-1.0106,1.1,-3.098,-2.3508,-1.8453,-0.18083,-0.40498,0.30001
5.2,-10.362,-4.8736,-4.4207,0.19703,-1.0444,1.1791,-3.0877,-2.4239,-1.8829,-0.18404,-0.415,0.30105
5.3,-10.67,-5.1196,-4.6108,0.26496,-1.0761,1.2686,-3.0734,-2.4966,-1.9192,-0.18724,-0.42508,0.30181
5.4,-10.976,-5.3729,-4.8045,0.34498,-1.1051,1.3698,-3.0552,-2.5688,-1.9539,-0.19043,-0.43523,0.30228
5.5,-11.281,-5.6333,-5.0015,0.43827,-1.1305,1.4839,-3.033,-2.6403,-1.987,-0.1936,-0.44543,0.30246
5.6,-11.583,-5.9009,-5.2018,0.54527,-1.151,1.6114,-3.0069,-2.7109,-2.0182,-0.19676,-0.4557,0.30234
5.7,-11.882,-6.1755,-5.4051,0.66506,-1.1657,1.7514,-2.977,-2.7804,-2.0475,-0.1999,-0.46601,0.30191
5.8,-12.178,-6.4569,-5.6112,0.79487,-1.1733,1.9011,-2.9434,-2.8487,-2.0747,-0.20303,-0.47636,0.30117
5.9,-12.471,-6.7451,-5.82,0.93006,-1.173,2.0559,-2.9061,-2.9155,-2.0996,-0.20615,-0.48675,0.30012
6,-12.759,-7.04,-6.0311,1.0648,-1.1643,2.2098,-2.8652,-2.9806,-2.1222,-0.20926,-0.49718,0.29874
6.1,-13.044,-7.3412,-6.2443,1.1933,-1.1474,2.3573,-2.821,-3.044,-2.1423,-0.21235,-0.50762,0.29704
6.2,-13.323,-7.6487,-6.4595,1.3113,-1.1227,2.4939,-2.7735,-3.1053,-2.1598,-0.21543,-0.51809,0.29501
6.3,-13.598,-7.9622,-6.6762,1.4164,-1.091,2.6173,-2.7229,-3.1644,-2.1746,-0.2185,-0.52857,0.29264
6.4,-13.868,-8.2815,-6.8943,1.508,-1.0533,2.7269,-2.6695,-3.221,-2.1866,-0.22156,-0.53906,0.28993
6.5,-14.132,-8.6063,-7.1134,1.5866,-1.0105,2.8232,-2.6134,-3.2752,-2.1956,-0.2246,-0.54954,0.28688
6.6,-14.39,-8.9364,-7.3333,1.6535,-0.96326,2.9076,-2.5548,-3.3265,-2.2016,-0.22763,-0.56001,0.28347
6.7,-14.643,-9.2715,-7.5536,1.7102,-0.91229,2.9815,-2.4939,-3.375,-2.2045,-0.23064,-0.57046,0.27971
6.8,-14.889,-9.6113,-7.7741,1.7581,-0.85814,3.0464,-2.4312,-3.4204,-2.2042,-0.23365,-0.58089,0.27559
6.9,-15.129,-9.9555,-7.9944,1.7986,-0.80121,3.1036,-2.3667,-3.4626,-2.2007,-0.23664,-0.59128,0.27111
7,-15.362,-10.304,-8.2141,1.8329,-0.74187,3.1544,-2.3008,-3.5015,-2.1939,-0.23961,-0.60162,0.26627
7.1,-15.589,-10.656,-8.433,1.8618,-0.68037,3.1997,-2.2337,-3.5369,-2.1838,-0.24258,-0.6119,0.26105
7.2,-15.809,-11.011,-8.6508,1.8863,-0.61694,3.2403,-2.1659,-3.5688,-2.1704,-0.24553,-0.62212,0.25547
7.3,-16.022,-11.369,-8.867,1.9069,-0.55176,3.2769,-2.0975,-3.597,-2.1537,-0.24847,-0.63226,0.2495
7.4,-16.229,-11.73,-9.0814,1.9242,-0.48498,3.3102,-2.029,-3.6216,-2.1336,-0.2514,-0.64232,0.24317
7.5,-16.428,-12.094,-9.2936,1.9387,-0.41672,3.3405,-1.9607,-3.6424,-2.1103,-0.25431,-0.65228,0.23645
7.6,-16.621,-12.459,-9.5034,1.9507,-0.34708,3.3683,-1.8928,-3.6594,-2.0837,-0.25721,-0.66213,0.22935
7.7,-16.807,-12.825,-9.7103,1.9604,-0.27615,3.3938,-1.8258,-3.6727,-2.054,-0.2601,-0.67186,0.22187
7.8,-16.986,-13.193,-9.914,1.9682,-0.204,3.4175,-1.76,-3.6821,-2.0211,-0.26297,-0.68146,0.214
7.9,-17.159,-13.562,-10.114,1.9742,-0.13071,3.4395,-1.6957,-3.6878,-1.9853,-0.26583,-0.69092,0.20575
8,-17.325,-13.93,-10.311,1.9786,-0.056318,3.4601,-1.6333,-3.6898,-1.9466,-0.26868,-0.70022,0.19711
8.1,-17.486,-14.299,-10.504,1.9815,0.019106,3.4794,-1.5731,-3.6881,-1.9051,-0.27151,-0.70936,0.18809
8.2,-17.64,-14.668,-10.692,1.9829,0.095516,3.4977,-1.5154,-3.6829,-1.861,-0.27434,-0.71831,0.17868
8.3,-17.789,-15.036,-10.876,1.9828,0.17287,3.515,-1.4605,-3.6742,-1.8145,-0.27715,-0.72707,0.16888
8.4,-17.932,-15.403,-11.055,1.9814,0.25112,3.5317,-1.4087,-3.6623,-1.7656,-0.27994,-0.73563,0.15871
8.5,-18.071,-15.768,-11.229,1.9785,0.33022,3.5479,-1.3604,-3.6473,-1.7147,-0.28273,-0.74396,0.14815
8.6,-18.204,-16.132,-11.398,1.9741,0.41013,3.5638,-1.3157,-3.6292,-1.6619,-0.2855,-0.75207,0.13721
8.7,-18.334,-16.494,-11.561,1.968,0.4908,3.5796,-1.275,-3.6084,-1.6073,-0.28825,-0.75992,0.1259
8.8,-18.459,-16.854,-11.719,1.9601,0.5722,3.5956,-1.2385,-3.5851,-1.5514,-0.291,-0.76752,0.11421
8.9,-18.582,-17.211,-11.871,1.95,0.65426,3.6123,-1.2062,-3.5595,-1.4942,-0.29373,-0.77484,0.10215
9,-18.701,-17.565,-12.018,1.9374,0.73694,3.63,-1.1786,-3.5318,-1.4359,-0.29645,-0.78187,0.089727
9.1,-18.818,-17.917,-12.159,1.9214,0.82015,3.6496,-1.1556,-3.5022,-1.377,-0.29916,-0.7886,0.076942
9.2,-18.932,-18.266,-12.293,1.9011,0.90381,3.672,-1.1374,-3.4712,-1.3175,-0.30185,-0.79502,0.063801
9.3,-19.045,-18.611,-12.422,1.8748,0.9878,3.6991,-1.1242,-3.4389,-1.2578,-0.30453,-0.80111,0.05031
9.4,-19.157,-18.954,-12.545,1.8398,1.0719,3.7334,-1.1159,-3.4057,-1.1982,-0.3072,-0.80685,0.036475
9.5,-19.269,-19.293,-12.662,1.791,1.1559,3.7802,-1.1126,-3.3718,-1.1387,-0.30985,-0.81223,0.022303
9.6,-19.38,-19.628,-12.773,1.7184,1.239,3.8494,-1.1143,-3.3376,-1.0798,-0.31249,-0.81723,0.0078026
9.7,-19.492,-19.96,-12.878,1.5996,1.32,3.9634,-1.121,-3.3034,-1.0216,-0.31512,-0.82185,-0.007019
9.8,-19.604,-20.289,-12.977,1.3764,1.3951,4.1803,-1.1326,-3.2694,-0.96447,-0.31774,-0.82607,-0.022153
9.9,-19.718,-20.614,-13.071,0.89664,1.4513,4.6522,-1.1489,-3.2361,-0.90854,-0.32034,-0.82988,-0.037589
10,-19.834,-20.936,-13.159,0.11638,1.4556,5.423,-1.17,-3.2036,-0.85405,-0.32293,-0.83325,-0.053318
10.1,-19.952,-21.255,-13.241,-0.41398,1.4032,5.9424,-1.1955,-3.1724,-0.80123,-0.32551,-0.83618,-0.069329
10.2,-20.073,-21.57,-13.319,-0.66194,1.3282,6.1776,-1.2254,-3.1426,-0.75026,-0.32807,-0.83865,-0.08561
10.3,-20.198,-21.883,-13.392,-0.79351,1.2457,6.2946,-1.2594,-3.1146,-0.70135,-0.33062,-0.84065,-0.10215
10.4,-20.325,-22.193,-13.459,-0.87533,1.1601,6.36,-1.2972,-3.0886,-0.65464,-0.33316,-0.84217,-0.11894
10.5,-20.457,-22.501,-13.523,-0.93269,1.0729,6.3988,-1.3387,-3.0649,-0.6103,-0.33569,-0.84318,-0.13595
10.6,-20.593,-22.806,-13.581,-0.9767,0.98497,6.4221,-1.3834,-3.0438,-0.56847,-0.3382,-0.84369,-0.15319
10.7,-20.734,-23.11,-13.636,-1.0129,0.89655,6.4352,-1.4312,-3.0253,-0.52924,-0.3407,-0.84368,-0.17063
10.8,-20.88,-23.412,-13.687,-1.0444,0.80793,6.441,-1.4816,-3.0098,-0.49273,-0.34319,-0.84313,-0.18826
10.9,-21.03,-23.712,-13.735,-1.0731,0.71929,6.4412,-1.5343,-2.9974,-0.459,-0.34566,-0.84204,-0.20607
11,-21.187,-24.011,-13.779,-1.1003,0.63079,6.4366,-1.589,-2.9882,-0.42811,-0.34812,-0.84039,-0.22403
11.1,-21.348,-24.31,-13.821,-1.1268,0.54259,6.428,-1.6453,-2.9824,-0.4001,-0.35057,-0.83816,-0.24213
11.2,-21.516,-24.608,-13.859,-1.1533,0.45485,6.4155,-1.7029,-2.9801,-0.37498,-0.353,-0.83536,-0.26035
11.3,-21.689,-24.906,-13.896,-1.1803,0.36772,6.3994,-1.7612,-2.9814,-0.35274,-0.35542,-0.83197,-0.27867
11.4,-21.868,-25.204,-13.93,-1.2084,0.2814,6.3795,-1.8201,-2.9862,-0.33335,-0.35783,-0.82799,-0.29708
11.5,-22.053,-25.503,-13.963,-1.2381,0.19608,6.3559,-1.879,-2.9947,-0.31677,-0.36023,-0.82339,-0.31555
11.6,-22.244,-25.803,-13.994,-1.2697,0.11201,6.3282,-1.9377,-3.0069,-0.30293,-0.36261,-0.81818,-0.33407
11.7,-22.44,-26.105,-14.023,-1.3037,0.029445,6.2963,-1.9957,-3.0226,-0.29175,-0.36498,-0.81234,-0.35261
11.8,-22.643,-26.408,-14.052,-1.3407,-0.051288,6.2597,-2.0528,-3.0419,-0.28312,-0.36734,-0.80588,-0.37115
11.9,-22.851,-26.713,-14.08,-1.3812,-0.12982,6.2179,-2.1085,-3.0647,-0.27693,-0.36969,-0.79877,-0.38967
12,-23.064,-27.021,-14.107,-1.4258,-0.20572,6.1705,-2.1625,-3.0908,-0.27305,-0.37202,-0.79102,-0.40815
12.1,-23.283,-27.332,-14.135,-1.4751,-0.27848,6.117,-2.2145,-3.1203,-0.27132,-0.37434,-0.78263,-0.42657
12.2,-23.507,-27.645,-14.162,-1.5298,-0.34749,6.0565,-2.2643,-3.1529,-0.2716,-0.37664,-0.77358,-0.4449
12.3,-23.736,-27.962,-14.189,-1.5904,-0.41206,5.9886,-2.3115,-3.1884,-0.2737,-0.37893,-0.76388,-0.46312
12.4,-23.969,-28.283,-14.217,-1.6575,-0.4714,5.9126,-2.356,-3.2268,-0.27746,-0.38121,-0.75352,-0.4812
12.5,-24.207,-28.608,-14.245,-1.7315,-0.52462,5.8282,-2.3974,-3.2677,-0.28268,-0.38348,-0.74251,-0.49912
12.6,-24.449,-28.937,-14.273,-1.8125,-0.57076,5.7352,-2.4356,-3.3111,-0.28918,-0.38573,-0.73083,-0.51685
12.7,-24.694,-29.27,-14.302,-1.9,-0.60887,5.6338,-2.4704,-3.3566,-0.29675,-0.38798,-0.71849,-0.53437
12.8,-24.943,-29.608,-14.333,-1.9933,-0.63801,5.525,-2.5016,-3.4041,-0.3052,-0.3902,-0.7055,-0.55166
12.9,-25.194,-29.951,-14.363,-2.0907,-0.65744,5.4101,-2.5292,-3.4534,-0.31433,-0.39242,-0.69184,-0.56868
13,-25.449,-30.299,-14.395,-2.1902,-0.66666,5.2912,-2.553,-3.5041,-0.32393,-0.39462,-0.67754,-0.58542
13.1,-25.705,-30.652,-14.428,-2.2891,-0.66552,5.1706,-2.573,-3.556,-0.3338,-0.39681,-0.66258,-0.60184
13.2,-25.963,-31.01,-14.462,-2.3851,-0.65425,5.0508,-2.5891,-3.6088,-0.34375,-0.39899,-0.64699,-0.61792
13.3,-26.223,-31.373,-14.497,-2.4757,-0.63346,4.9338,-2.6013,-3.6624,-0.35359,-0.40115,-0.63075,-0.63363
13.4,-26.483,-31.742,-14.533,-2.5591,-0.60401,4.8212,-2.6096,-3.7164,-0.36313,-0.4033,-0.61389,-0.64895
13.5,-26.744,-32.117,-14.57,-2.6343,-0.56697,4.7139,-2.6141,-3.7707,-0.37219,-0.40544,-0.5964,-0.66385
13.6,-27.006,-32.497,-14.607,-2.7006,-0.52349,4.6124,-2.6147,-3.8248,-0.3806,-0.40756,-0.5783,-0.6783
13.7,-27.267,-32.882,-14.646,-2.7578,-0.4747,4.5164,-2.6116,-3.8787,-0.38819,-0.40968,-0.5596,-0.69228
13.8,-27.528,-33.272,-14.685,-2.8062,-0.42168,4.4255,-2.6049,-3.932,-0.39481,-0.41178,-0.54031,-0.70576
13.9,-27.788,-33.668,-14.725,-2.846,-0.36545,4.339,-2.5946,-3.9846,-0.40032,-0.41386,-0.52045,-0.71871
14,-28.047,-34.069,-14.765,-2.8777,-0.30693,4.256,-2.581,-4.0361,-0.40458,-0.41594,-0.50002,-0.73111
14.1,-28.304,-34.475,-14.806,-2.9018,-0.24697,4.1756,-2.5642,-4.0865,-0.40747,-0.418,-0.47905,-0.74293
14.2,-28.56,-34.886,-14.846,-2.9187,-0.18635,4.0971,-2.5443,-4.1354,-0.40888,-0.42004,-0.45754,-0.75415
14.3,-28.813,-35.302,-14.887,-2.9286,-0.12579,4.0196,-2.5216,-4.1827,-0.40872,-0.42208,-0.43553,-0.76474
14.4,-29.064,-35.723,-14.928,-2.932,-0.065986,3.9422,-2.4962,-4.2282,-0.40689,-0.4241,-0.41302,-0.77467
14.5,-29.312,-36.148,-14.969,-2.929,-0.0076135,3.8644,-2.4683,-4.2718,-0.40334,-0.42611,-0.39003,-0.78393
14.6,-29.557,-36.577,-15.009,-2.9197,0.048669,3.7853,-2.4383,-4.3132,-0.398,-0.4281,-0.3666,-0.79249
14.7,-29.8,-37.01,-15.048,-2.9045,0.1022,3.7045,-2.4062,-4.3524,-0.39081,-0.43009,-0.34274,-0.80033
14.8,-30.039,-37.448,-15.087,-2.8834,0.15232,3.6214,-2.3723,-4.3892,-0.38176,-0.43206,-0.31847,-0.80742
14.9,-30.274,-37.888,-15.124,-2.8568,0.19837,3.5357,-2.337,-4.4236,-0.37082,-0.43401,-0.29382,-0.81374
15,-30.506,-38.332,-15.161,-2.8248,0.2397,3.447,-2.3003,-4.4553,-0.35798,-0.43596,-0.26881,-0.81928
15.1,-30.734,-38.779,-15.196,-2.788,0.27566,3.3555,-2.2626,-4.4844,-0.34325,-0.43789,-0.24347,-0.824
15.2,-30.958,-39.229,-15.229,-2.7468,0.30568,3.261,-2.2242,-4.5107,-0.32664,-0.43981,-0.21784,-0.8279
15.3,-31.179,-39.681,-15.261,-2.7021,0.32924,3.1641,-2.1852,-4.5343,-0.30818,-0.44171,-0.19193,-0.83096
15.4,-31.395,-40.136,-15.291,-2.6548,0.34593,3.0652,-2.1459,-4.555,-0.28791,-0.4436,-0.16578,-0.83315
15.5,-31.608,-40.592,-15.319,-2.6058,0.35546,2.9649,-2.1066,-4.5729,-0.26589,-0.44548,-0.13942,-0.83446
15.6,-31.817,-41.05,-15.344,-2.5564,0.35771,2.8642,-2.0675,-4.588,-0.24217,-0.44735,-0.11288,-0.83488
15.7,-32.022,-41.51,-15.367,-2.5077,0.35271,2.7638,-2.0288,-4.6002,-0.21683,-0.4492,-0.086199,-0.83439
15.8,-32.223,-41.97,-15.387,-2.461,0.34068,2.6645,-1.9908,-4.6095,-0.18995,-0.45104,-0.059404,-0.83299
15.9,-32.42,-42.431,-15.405,-2.4172,0.32198,2.567,-1.9536,-4.6161,-0.16162,-0.45287,-0.03253,-0.83065
16,-32.613,-42.893,-15.42,-2.3774,0.2971,2.4719,-1.9176,-4.62,-0.13194,-0.45469,-0.0056154,-0.82737
16.1,-32.803,-43.355,-15.431,-2.3422,0.26663,2.3796,-1.8829,-4.6212,-0.10101,-0.45649,0.021305,-0.82314
16.2,-32.99,-43.817,-15.44,-2.3121,0.23122,2.2901,-1.8498,-4.6197,-0.06896,-0.45828,0.048195,-0.81795
16.3,-33.173,-44.279,-15.445,-2.2877,0.19156,2.2035,-1.8183,-4.6158,-0.035902,-0.46005,0.075016,-0.8118
16.4,-33.354,-44.741,-15.447,-2.2691,0.14838,2.1195,-1.7887,-4.6094,-0.0019667,-0.46182,0.10173,-0.80468
16.5,-33.531,-45.201,-15.446,-2.2566,0.10238,2.0378,-1.7611,-4.6007,0.032713,-0.46357,0.1283,-0.79659
16.6,-33.706,-45.661,-15.44,-2.2502,0.054275,1.958,-1.7357,-4.5898,0.068,-0.4653,0.15468,-0.78753
16.7,-33.878,-46.119,-15.432,-2.2501,0.0047596,1.8798,-1.7126,-4.5769,0.10375,-0.46703,0.18085,-0.7775
16.8,-34.049,-46.576,-15.42,-2.2563,-0.045477,1.8024,-1.6919,-4.562,0.13982,-0.46874,0.20674,-0.76649
16.9,-34.217,-47.031,-15.404,-2.2689,-0.095749,1.7254,-1.6738,-4.5453,0.17606,-0.47044,0.23234,-0.75453
17,-34.383,-47.485,-15.384,-2.2879,-0.14537,1.6483,-1.6583,-4.5269,0.21232,-0.47213,0.25759,-0.7416
17.1,-34.549,-47.937,-15.361,-2.3134,-0.19365,1.5705,-1.6455,-4.5071,0.24845,-0.4738,0.28246,-0.72772
17.2,-34.713,-48.386,-15.335,-2.3455,-0.23987,1.4915,-1.6354,-4.486,0.28431,-0.47546,0.3069,-0.7129
17.3,-34.876,-48.834,-15.305,-2.3841,-0.28334,1.411,-1.6282,-4.4636,0.31973,-0.4771,0.33088,-0.69714
17.4,-35.038,-49.279,-15.271,-2.4293,-0.32331,1.3286,-1.6237,-4.4403,0.35457,-0.47874,0.35435,-0.68046
17.5,-35.201,-49.722,-15.234,-2.4808,-0.35905,1.2441,-1.6221,-4.4162,0.3887,-0.48036,0.37728,-0.66288
17.6,-35.363,-50.162,-15.193,-2.5384,-0.38985,1.1576,-1.6234,-4.3914,0.42195,-0.48197,0.39962,-0.6444
17.7,-35.525,-50.6,-15.149,-2.6016,-0.41502,1.0694,-1.6274,-4.3661,0.4542,-0.48356,0.42134,-0.62506
17.8,-35.688,-51.035,-15.102,-2.6697,-0.43396,0.97978,-1.6341,-4.3406,0.4853,-0.48515,0.44239,-0.60486
17.9,-35.852,-51.468,-15.052,-2.7419,-0.44614,0.88957,-1.6435,-4.3149,0.51514,-0.48672,0.46275,-0.58382
18,-36.017,-51.898,-14.999,-2.817,-0.45119,0.79964,-1.6556,-4.2892,0.54359,-0.48827,0.48236,-0.56198
18.1,-36.183,-52.326,-14.944,-2.894,-0.44889,0.71104,-1.6702,-4.2638,0.57052,-0.48982,0.5012,-0.53936
18.2,-36.351,-52.751,-14.885,-2.9716,-0.43919,0.62487,-1.6872,-4.2387,0.59584,-0.49135,0.51923,-0.51599
18.3,-36.521,-53.174,-14.825,-3.0488,-0.42222,0.5422,-1.7065,-4.2141,0.61945,-0.49286,0.53641,-0.49188
18.4,-36.693,-53.594,-14.762,-3.1246,-0.39828,0.46398,-1.7279,-4.1902,0.64125,-0.49437,0.55271,-0.46708
18.5,-36.867,-54.012,-14.696,-3.1982,-0.36777,0.39099,-1.7514,-4.1671,0.66116,-0.49586,0.56809,-0.44161
18.6,-37.043,-54.427,-14.629,-3.2691,-0.33121,0.32381,-1.7768,-4.145,0.67911,-0.49734,0.58252,-0.41552
18.7,-37.222,-54.841,-14.561,-3.3371,-0.28916,0.26281,-1.8039,-4.124,0.69504,-0.49881,0.59598,-0.38883
18.8,-37.404,-55.252,-14.49,-3.4019,-0.24222,0.20822,-1.8325,-4.1041,0.70889,-0.50026,0.60843,-0.36158
18.9,-37.589,-55.662,-14.419,-3.4639,-0.19099,0.16011,-1.8625,-4.0855,0.72063,-0.5017,0.61984,-0.33381
19,-37.776,-56.069,-14.346,-3.5231,-0.13603,0.11847,-1.8936,-4.0684,0.73024,-0.50313,0.63018,-0.30556
19.1,-37.967,-56.475,-14.273,-3.5799,-0.077906,0.083256,-1.9257,-4.0527,0.73768,-0.50454,0.63944,-0.27687
19.2,-38.162,-56.88,-14.199,-3.6347,-0.017145,0.054394,-1.9586,-4.0386,0.74296,-0.50594,0.64759,-0.24779
19.3,-38.359,-57.283,-14.124,-3.6881,0.045757,0.031833,-1.992,-4.0261,0.74608,-0.50733,0.6546,-0.21835
19.4,-38.56,-57.685,-14.05,-3.7406,0.11032,0.015564,-2.0258,-4.0153,0.74706,-0.50871,0.66046,-0.18862
19.5,-38.764,-58.086,-13.975,-3.7928,0.1761,0.0056361,-2.0598,-4.0062,0.74593,-0.51007,0.66514,-0.15862
19.6,-38.972,-58.487,-13.901,-3.8452,0.24262,0.0021842,-2.0936,-3.9988,0.74273,-0.51142,0.66864,-0.12841
19.7,-39.183,-58.886,-13.827,-3.8987,0.30945,0.0054357,-2.1273,-3.9931,0.73752,-0.51276,0.67094,-0.098042
19.8,-39.397,-59.285,-13.753,-3.9539,0.37609,0.015729,-2.1604,-3.9893,0.73034,-0.51408,0.67201,-0.06756
19.9,-39.615,-59.684,-13.681,-4.0118,0.44204,0.03353,-2.193,-3.9871,0.72128,-0.51539,0.67187,-0.037016
20,-39.836,-60.083,-13.609,-4.0732,0.50673,0.059436,-2.2246,-3.9867,0.71041,-0.51669,0.67049,-0.0064613
20.1,-40.06,-60.481,-13.539,-4.1392,0.56954,0.094187,-2.2554,-3.9879,0.69781,-0.51798,0.66786,0.024058
20.2,-40.287,-60.88,-13.469,-4.211,0.62971,0.13864,-2.285,-3.9908,0.68351,-0.51926,0.66399,0.054497
20.3,-40.517,-61.28,-13.402,-4.2896,0.6864,0.19372,-2.3135,-3.9953,0.66762,-0.52054,0.65885,0.084803
20.4,-40.75,-61.68,-13.336,-4.3762,0.73862,0.26037,-2.3406,-4.0013,0.65023,-0.5218,0.65246,0.11492
20.5,-40.985,-62.08,-13.272,-4.4716,0.78523,0.33931,-2.3661,-4.0089,0.63146,-0.52307,0.64482,0.1448
20.6,-41.223,-62.481,-13.21,-4.5764,0.82497,0.43085,-2.39,-4.0178,0.61141,-0.52432,0.63593,0.17438
20.7,-41.463,-62.884,-13.15,-4.69,0.85656,0.53451,-2.412,-4.0281,0.59021,-0.52557,0.6258,0.20362
20.8,-41.705,-63.287,-13.092,-4.8111,0.87875,0.64873,-2.432,-4.0397,0.56798,-0.52682,0.61444,0.23245
20.9,-41.949,-63.692,-13.036,-4.9369,0.89056,0.77076,-2.45,-4.0523,0.54487,-0.52805,0.60186,0.26082
21,-42.195,-64.098,-12.983,-5.0635,0.89142,0.89682,-2.4658,-4.0661,0.52101,-0.52928,0.58808,0.28868
21.1,-42.442,-64.505,-12.932,-5.1869,0.88134,1.0227,-2.4794,-4.0807,0.49654,-0.53051,0.57311,0.31597
21.2,-42.691,-64.914,-12.884,-5.3031,0.86086,1.1446,-2.4906,-4.0961,0.4716,-0.53173,0.55698,0.34265
21.3,-42.94,-65.324,-12.838,-5.4092,0.83095,1.2597,-2.4995,-4.1122,0.44635,-0.53294,0.53971,0.36866
21.4,-43.191,-65.736,-12.794,-5.5035,0.79287,1.3663,-2.506,-4.1289,0.42092,-0.53414,0.52132,0.39394
21.5,-43.441,-66.15,-12.753,-5.5855,0.74796,1.4641,-2.51,-4.1459,0.39547,-0.53534,0.50184,0.41845
21.6,-43.693,-66.565,-12.715,-5.6554,0.69752,1.5534,-2.5116,-4.1633,0.37014,-0.53653,0.4813,0.44214
21.7,-43.944,-66.983,-12.679,-5.7138,0.64272,1.6351,-2.5108,-4.1808,0.34507,-0.53772,0.45973,0.46496
21.8,-44.195,-67.401,-12.646,-5.7617,0.58461,1.7103,-2.5075,-4.1983,0.32042,-0.53889,0.43716,0.48685
21.9,-44.445,-67.822,-12.615,-5.8,0.52411,1.7803,-2.5019,-4.2157,0.29631,-0.54007,0.41364,0.50778
22,-44.695,-68.245,-12.587,-5.8295,0.462,1.8461,-2.494,-4.2328,0.27289,-0.54123,0.3892,0.5277
22.1,-44.944,-68.669,-12.561,-5.851,0.399,1.9088,-2.4839,-4.2495,0.25027,-0.54239,0.36388,0.54656
22.2,-45.192,-69.094,-12.537,-5.8651,0.33573,1.9695,-2.4716,-4.2657,0.22859,-0.54354,0.33773,0.56432
22.3,-45.438,-69.522,-12.515,-5.8724,0.27279,2.0289,-2.4573,-4.2813,0.20795,-0.54469,0.31079,0.58095
22.4,-45.683,-69.951,-12.495,-5.8731,0.21072,2.088,-2.441,-4.2962,0.18848,-0.54583,0.2831,0.5964
22.5,-45.926,-70.381,-12.477,-5.8676,0.15008,2.1474,-2.4229,-4.3102,0.17026,-0.54696,0.25473,0.61064
22.6,-46.168,-70.813,-12.461,-5.856,0.091424,2.2078,-2.4031,-4.3233,0.15339,-0.54809,0.22572,0.62363
22.7,-46.407,-71.246,-12.446,-5.8386,0.035302,2.2697,-2.3818,-4.3353,0.13796,-0.54921,0.19612,0.63534
22.8,-46.644,-71.68,-12.433,-5.8154,-0.017706,2.3336,-2.3592,-4.3462,0.12403,-0.55033,0.16599,0.64575
22.9,-46.879,-72.115,-12.422,-5.7866,-0.067001,2.3999,-2.3353,-4.3558,0.11167,-0.55143,0.13538,0.65481
23,-47.111,-72.551,-12.411,-5.7523,-0.11197,2.4688,-2.3104,-4.3643,0.10093,-0.55253,0.10436,0.66252
23.1,-47.341,-72.988,-12.401,-5.7128,-0.15198,2.5406,-2.2846,-4.3714,0.091851,-0.55363,0.072979,0.66884
23.2,-47.568,-73.425,-12.393,-5.6684,-0.18641,2.6153,-2.2581,-4.3771,0.084468,-0.55472,0.041304,0.67375
23.3,-47.792,-73.863,-12.384,-5.6196,-0.21466,2.6926,-2.2312,-4.3815,0.078797,-0.5558,0.0093956,0.67725
23.4,-48.014,-74.301,-12.377,-5.567,-0.23618,2.7723,-2.2038,-4.3844,0.074848,-0.55687,-0.022684,0.67931
23.5,-48.233,-74.74,-12.369,-5.5114,-0.25049,2.8537,-2.1764,-4.3859,0.07262,-0.55794,-0.05487,0.67992
23.6,-48.449,-75.179,-12.362,-5.4536,-0.25724,2.9362,-2.149,-4.386,0.072101,-0.55901,-0.087097,0.67907
23.7,-48.663,-75.617,-12.355,-5.3949,-0.25619,3.0189,-2.1218,-4.3847,0.073267,-0.56006,-0.1193,0.67676
23.8,-48.874,-76.055,-12.347,-5.3361,-0.24727,3.1011,-2.095,-4.3821,0.076087,-0.56111,-0.15141,0.67299
23.9,-49.082,-76.493,-12.34,-5.2783,-0.23053,3.1819,-2.0688,-4.3781,0.080518,-0.56215,-0.18337,0.66775
24,-49.287,-76.931,-12.331,-5.2225,-0.20619,3.2604,-2.0433,-4.3728,0.086509,-0.56319,-0.2151,0.66105
24.1,-49.491,-77.368,-12.322,-5.1695,-0.17458,3.3362,-2.0186,-4.3662,0.094,-0.56422,-0.24654,0.65289
24.2,-49.691,-77.804,-12.312,-5.1199,-0.13614,3.4087,-1.995,-4.3585,0.10292,-0.56525,-0.27762,0.64329
24.3,-49.89,-78.24,-12.302,-5.0743,-0.091359,3.4777,-1.9725,-4.3496,0.11321,-0.56626,-0.30827,0.63226
24.4,-50.086,-78.674,-12.29,-5.0331,-0.040762,3.5431,-1.9513,-4.3398,0.12477,-0.56727,-0.33844,0.61981
24.5,-50.28,-79.108,-12.277,-4.9964,0.015105,3.6049,-1.9315,-4.329,0.13752,-0.56828,-0.36804,0.60596
24.6,-50.472,-79.54,-12.262,-4.9643,0.075706,3.6634,-1.9132,-4.3173,0.15137,-0.56928,-0.39702,0.59073
24.7,-50.663,-79.971,-12.246,-4.9371,0.14052,3.7187,-1.8965,-4.3049,0.16622,-0.57027,-0.42531,0.57416
24.8,-50.852,-80.401,-12.229,-4.9147,0.20906,3.7714,-1.8814,-4.2919,0.18197,-0.57125,-0.45285,0.55626
24.9,-51.039,-80.829,-12.21,-4.8973,0.28086,3.8219,-1.868,-4.2783,0.19853,-0.57223,-0.47958,0.53708
25,-51.225,-81.256,-12.189,-4.885,0.35547,3.8707,-1.8564,-4.2643,0.21579,-0.5732,-0.50543,0.51664
25.1,-51.41,-81.682,-12.167,-4.878,0.43248,3.9187,-1.8466,-4.25,0.23364,-0.57417,-0.53034,0.49498
25.2,-51.595,-82.106,-12.142,-4.8769,0.51148,3.9666,-1.8386,-4.2354,0.25199,-0.57513,-0.55426,0.47214
25.3,-51.778,-82.529,-12.116,-4.8822,0.59205,4.0154,-1.8325,-4.2208,0.27073,-0.57608,-0.57712,0.44817
25.4,-51.961,-82.951,-12.088,-4.8948,0.67376,4.0665,-1.8281,-4.2061,0.28977,-0.57703,-0.59888,0.42312
25.5,-52.144,-83.37,-12.058,-4.9162,0.75613,4.1216,-1.8256,-4.1916,0.30899,-0.57797,-0.61947,0.39703
25.6,-52.326,-83.789,-12.027,-4.9486,0.83855,4.1832,-1.8248,-4.1772,0.32832,-0.5789,-0.63886,0.36995
25.7,-52.509,-84.206,-11.993,-4.9951,0.92028,4.2547,-1.8258,-4.1632,0.34765,-0.57983,-0.65699,0.34195
25.8,-52.691,-84.622,-11.957,-5.0606,1.0002,4.3412,-1.8284,-4.1496,0.36691,-0.58075,-0.67381,0.31306
25.9,-52.875,-85.036,-11.919,-5.1526,1.0767,4.4504,-1.8327,-4.1364,0.386,-0.58166,-0.68928,0.28337
26,-53.058,-85.449,-11.88,-5.2822,1.1472,4.5936,-1.8386,-4.1238,0.40486,-0.58257,-0.70336,0.25292
26.1,-53.242,-85.861,-11.838,-5.464,1.2073,4.7853,-1.8459,-4.1119,0.42341,-0.58347,-0.71601,0.22179
26.2,-53.427,-86.271,-11.795,-5.7101,1.2506,5.038,-1.8546,-4.1006,0.44158,-0.58436,-0.7272,0.19003
26.3,-53.613,-86.681,-11.75,-6.0115,1.269,5.3425,-1.8647,-4.0902,0.45932,-0.58525,-0.7369,0.15772
26.4,-53.8,-87.089,-11.703,-6.3226,1.2578,5.6535,-1.8759,-4.0806,0.47658,-0.58613,-0.74507,0.12493
26.5,-53.988,-87.497,-11.655,-6.591,1.2197,5.9182,-1.8883,-4.0718,0.49329,-0.58701,-0.75169,0.091718
26.6,-54.178,-87.904,-11.605,-6.7974,1.162,6.1176,-1.9018,-4.064,0.50943,-0.58788,-0.75673,0.058169
26.7,-54.369,-88.31,-11.553,-6.9504,1.0918,6.2601,-1.9162,-4.0571,0.52496,-0.58874,-0.76019,0.024354
26.8,-54.561,-88.715,-11.5,-7.0652,1.0139,6.3606,-1.9314,-4.0512,0.53984,-0.58959,-0.76203,-0.0096534
26.9,-54.755,-89.12,-11.445,-7.154,0.93146,6.4314,-1.9473,-4.0463,0.55406,-0.59044,-0.76226,-0.043775
27,-54.951,-89.524,-11.389,-7.2255,0.8462,6.4809,-1.9639,-4.0424,0.56758,-0.59129,-0.76086,-0.077935
27.1,-55.148,-89.929,-11.331,-7.2854,0.75935,6.5145,-1.981,-4.0395,0.58041,-0.59212,-0.75783,-0.11206
27.2,-55.347,-90.332,-11.273,-7.3376,0.67175,6.5359,-1.9986,-4.0377,0.59252,-0.59295,-0.75317,-0.14606
27.3,-55.548,-90.736,-11.213,-7.3848,0.58404,6.5473,-2.0165,-4.0368,0.60391,-0.59378,-0.74688,-0.17987
27.4,-55.75,-91.14,-11.152,-7.4288,0.49672,6.5503,-2.0347,-4.037,0.61458,-0.59459,-0.73896,-0.2134
27.5,-55.955,-91.544,-11.09,-7.4713,0.41024,6.5459,-2.053,-4.0381,0.62453,-0.5954,-0.72944,-0.24658
27.6,-56.161,-91.947,-11.027,-7.5133,0.32505,6.5347,-2.0715,-4.0403,0.63376,-0.59621,-0.71831,-0.27933
27.7,-56.369,-92.352,-10.963,-7.5557,0.24158,6.517,-2.09,-4.0433,0.64228,-0.59701,-0.7056,-0.31157
27.8,-56.579,-92.756,-10.899,-7.5995,0.16027,6.4929,-2.1084,-4.0473,0.6501,-0.5978,-0.69134,-0.34322
27.9,-56.791,-93.161,-10.833,-7.6452,0.081613,6.4626,-2.1267,-4.0522,0.65722,-0.59858,-0.67555,-0.37422
28,-57.004,-93.567,-10.767,-7.6937,0.0061525,6.4257,-2.1448,-4.058,0.66367,-0.59936,-0.65825,-0.40448
28.1,-57.22,-93.973,-10.701,-7.7454,-0.065522,6.3822,-2.1627,-4.0646,0.66945,-0.60013,-0.63949,-0.43393
28.2,-57.437,-94.38,-10.633,-7.8009,-0.13276,6.3318,-2.1803,-4.072,0.67458,-0.6009,-0.6193,-0.46249
28.3,-57.656,-94.787,-10.566,-7.8605,-0.19483,6.2744,-2.1975,-4.0802,0.67908,-0.60166,-0.59771,-0.49011
28.4,-57.876,-95.196,-10.498,-7.9246,-0.25097,6.2099,-2.2143,-4.0891,0.68296,-0.60241,-0.57478,-0.5167
28.5,-58.098,-95.605,-10.429,-7.9932,-0.30038,6.1382,-2.2307,-4.0987,0.68623,-0.60315,-0.55055,-0.54221
28.6,-58.322,-96.015,-10.36,-8.0661,-0.34223,6.0596,-2.2465,-4.1089,0.68891,-0.60389,-0.52508,-0.56656
28.7,-58.548,-96.427,-10.291,-8.1427,-0.37576,5.9748,-2.2619,-4.1198,0.69102,-0.60463,-0.49841,-0.5897
28.8,-58.775,-96.839,-10.222,-8.2221,-0.40032,5.8847,-2.2766,-4.1313,0.69258,-0.60535,-0.47061,-0.61156
28.9,-59.003,-97.253,-10.153,-8.3031,-0.4154,5.7903,-2.2907,-4.1433,0.69361,-0.60607,-0.44174,-0.6321
29,-59.233,-97.668,-10.084,-8.384,-0.42075,5.6932,-2.3042,-4.1558,0.69412,-0.60679,-0.41185,-0.65124
29.1,-59.464,-98.084,-10.014,-8.4632,-0.41638,5.595,-2.317,-4.1688,0.69413,-0.60749,-0.38102,-0.66895
29.2,-59.696,-98.502,-9.9448,-8.539,-0.40258,5.497,-2.3291,-4.1822,0.69366,-0.6082,-0.34932,-0.68518
29.3,-59.93,-98.921,-9.8754,-8.6099,-0.37988,5.4006,-2.3405,-4.1961,0.69273,-0.60889,-0.31682,-0.69988
29.4,-60.164,-99.341,-9.8062,-8.6746,-0.34905,5.3069,-2.351,-4.2103,0.69136,-0.60958,-0.28359,-0.71301
29.5,-60.4,-99.763,-9.7372,-8.7323,-0.31097,5.2162,-2.3608,-4.2248,0.68958,-0.61026,-0.24971,-0.72453
29.6,-60.636,-100.19,-9.6683,-8.7823,-0.26661,5.129,-2.3698,-4.2395,0.6874,-0.61093,-0.21525,-0.73441
29.7,-60.874,-100.61,-9.5997,-8.8243,-0.21698,5.045,-2.3779,-4.2546,0.68485,-0.6116,-0.1803,-0.74262
29.8,-61.112,-101.04,-9.5314,-8.8581,-0.1631,4.964,-2.3851,-4.2698,0.68195,-0.61226,-0.14494,-0.74913
29.9,-61.351,-101.46,-9.4633,-8.8836,-0.10592,4.8853,-2.3914,-4.2851,0.67874,-0.61292,-0.10925,-0.75393
30,-61.59,-101.89,-9.3956,-8.9009,-0.046413,4.8084,-2.3968,-4.3006,0.67524,-0.61357,-0.07332,-0.75699
30.1,-61.83,-102.32,-9.3283,-8.91,0.014514,4.7325,-2.4013,-4.3161,0.67146,-0.61421,-0.037234,-0.75829
30.2,-62.07,-102.76,-9.2613,-8.9108,0.075955,4.6566,-2.4048,-4.3318,0.66744,-0.61485,-0.0010826,-0.75783
30.3,-62.311,-103.19,-9.1948,-8.9033,0.137,4.5801,-2.4074,-4.3475,0.6632,-0.61549,0.035047,-0.7556
30.4,-62.552,-103.63,-9.1287,-8.8874,0.19674,4.502,-2.4091,-4.3631,0.65877,-0.61613,0.071067,-0.75159
30.5,-62.793,-104.06,-9.0631,-8.8629,0.25422,4.4216,-2.4097,-4.3788,0.65418,-0.61676,0.10689,-0.74582
30.6,-63.034,-104.5,-8.9979,-8.8296,0.30845,4.3381,-2.4093,-4.3943,0.64948,-0.61739,0.14243,-0.73829
30.7,-63.275,-104.94,-8.9332,-8.7876,0.35839,4.251,-2.408,-4.4096,0.6447,-0.61801,0.17759,-0.72902
30.8,-63.515,-105.38,-8.8689,-8.737,0.40295,4.1597,-2.4056,-4.4247,0.63987,-0.61863,0.2123,-0.71801
30.9,-63.756,-105.83,-8.8052,-8.6779,0.44103,4.0643,-2.4023,-4.4395,0.63504,-0.61925,0.24646,-0.7053
31,-63.996,-106.27,-8.7419,-8.6111,0.47158,3.965,-2.3979,-4.454,0.63026,-0.61987,0.27999,-0.6909
31.1,-64.235,-106.72,-8.6791,-8.5376,0.49359,3.8625,-2.3926,-4.4681,0.62555,-0.62048,0.3128,-0.67485
31.2,-64.474,-107.17,-8.6168,-8.4589,0.50626,3.7581,-2.3863,-4.4818,0.62097,-0.62109,0.34482,-0.65719
31.3,-64.712,-107.61,-8.5549,-8.3768,0.509,3.6534,-2.379,-4.4949,0.61655,-0.62169,0.37595,-0.63794
31.4,-64.95,-108.06,-8.4935,-8.2933,0.50156,3.5501,-2.3709,-4.5074,0.61234,-0.62229,0.40613,-0.61716
31.5,-65.187,-108.52,-8.4325,-8.2104,0.48398,3.4502,-2.3619,-4.5194,0.60837,-0.62289,0.43527,-0.59489
31.6,-65.422,-108.97,-8.3718,-8.1299,0.45662,3.3553,-2.3521,-4.5306,0.60469,-0.62349,0.4633,-0.57118
31.7,-65.657,-109.42,-8.3115,-8.0531,0.42012,3.2668,-2.3415,-4.5411,0.60134,-0.62408,0.49014,-0.54609
31.8,-65.891,-109.88,-8.2515,-7.981,0.37524,3.1856,-2.3301,-4.5508,0.59834,-0.62467,0.51573,-0.51968
31.9,-66.123,-110.33,-8.1918,-7.9142,0.32286,3.112,-2.3182,-4.5596,0.59574,-0.62526,0.54,-0.49199
32,-66.354,-110.79,-8.1324,-7.8526,0.26389,3.0464,-2.3056,-4.5676,0.59356,-0.62584,0.56288,-0.46312
32.1,-66.584,-111.25,-8.0731,-7.7961,0.19918,2.9886,-2.2925,-4.5747,0.59184,-0.62642,0.58431,-0.43311
32.2,-66.813,-111.7,-8.014,-7.7443,0.12955,2.9383,-2.279,-4.5808,0.59059,-0.627,0.60424,-0.40205
32.3,-67.04,-112.16,-7.955,-7.6966,0.055734,2.8952,-2.2652,-4.5859,0.58984,-0.62757,0.62261,-0.37
32.4,-67.266,-112.62,-7.896,-7.6526,-0.021614,2.8591,-2.2511,-4.5901,0.58961,-0.62814,0.63938,-0.33705
32.5,-67.49,-113.08,-7.837,-7.6114,-0.10191,2.8296,-2.2368,-4.5932,0.58989,-0.62871,0.65448,-0.30328
32.6,-67.713,-113.54,-7.778,-7.5724,-0.18462,2.8065,-2.2224,-4.5952,0.59071,-0.62927,0.66789,-0.26877
32.7,-67.935,-114,-7.7189,-7.5349,-0.26929,2.7898,-2.2081,-4.5962,0.59206,-0.62983,0.67956,-0.23361
32.8,-68.155,-114.46,-7.6596,-7.498,-0.35547,2.7796,-2.1938,-4.5962,0.59394,-0.63039,0.68946,-0.19787
32.9,-68.373,-114.92,-7.6001,-7.4609,-0.44276,2.776,-2.1798,-4.5952,0.59635,-0.63094,0.69756,-0.16166
33,-68.591,-115.38,-7.5403,-7.4224,-0.53074,2.7797,-2.166,-4.5931,0.59926,-0.63149,0.70383,-0.12507
33.1,-68.807,-115.84,-7.4802,-7.3812,-0.61898,2.7914,-2.1527,-4.59,0.60267,-0.63204,0.70826,-0.088178
33.2,-69.021,-116.3,-7.4197,-7.3356,-0.70699,2.8126,-2.1398,-4.586,0.60655,-0.63258,0.71083,-0.051086
33.3,-69.235,-116.75,-7.3589,-7.2833,-0.79418,2.845,-2.1275,-4.5811,0.61088,-0.63312,0.71153,-0.013889
33.4,-69.447,-117.21,-7.2976,-7.2209,-0.87978,2.8919,-2.1158,-4.5752,0.61562,-0.63366,0.71035,0.02332
33.5,-69.658,-117.67,-7.2357,-7.1438,-0.96273,2.9575,-2.1049,-4.5685,0.62073,-0.6342,0.70728,0.060445
33.6,-69.868,-118.13,-7.1734,-7.0453,-1.0414,3.0486,-2.0948,-4.5611,0.62618,-0.63473,0.70235,0.09739
33.7,-70.077,-118.58,-7.1105,-6.9157,-1.1134,3.1744,-2.0856,-4.5529,0.63193,-0.63525,0.69554,0.13406
33.8,-70.285,-119.04,-7.047,-6.7433,-1.1747,3.3467,-2.0773,-4.544,0.63793,-0.63578,0.68688,0.17036
33.9,-70.492,-119.49,-6.9829,-6.5189,-1.2198,3.5747,-2.0699,-4.5346,0.64413,-0.6363,0.67638,0.20619
34,-70.699,-119.94,-6.9182,-6.2488,-1.242,3.8518,-2.0637,-4.5246,0.65048,-0.63682,0.66407,0.24146
34.1,-70.905,-120.39,-6.8528,-5.9671,-1.2368,4.1443,-2.0584,-4.5143,0.65693,-0.63733,0.64998,0.27609
34.2,-71.111,-120.85,-6.7868,-5.7178,-1.206,4.4081,-2.0543,-4.5035,0.66342,-0.63785,0.63413,0.30996
34.3,-71.316,-121.3,-6.7201,-5.5233,-1.1555,4.6208,-2.0513,-4.4925,0.6699,-0.63836,0.61657,0.34301
34.4,-71.521,-121.74,-6.6528,-5.3813,-1.0921,4.7849,-2.0495,-4.4813,0.67632,-0.63886,0.59733,0.37513
34.5,-71.726,-122.19,-6.5849,-5.2807,-1.0208,4.9117,-2.0487,-4.47,0.68261,-0.63936,0.57647,0.40624
34.6,-71.931,-122.64,-6.5163,-5.2104,-0.94482,5.0124,-2.0491,-4.4587,0.68874,-0.63986,0.55404,0.43626
34.7,-72.136,-123.08,-6.4471,-5.1623,-0.86635,5.0954,-2.0506,-4.4475,0.69465,-0.64036,0.53008,0.46511
34.8,-72.341,-123.53,-6.3774,-5.1309,-0.7868,5.1665,-2.0532,-4.4364,0.70028,-0.64085,0.50467,0.49271
34.9,-72.546,-123.97,-6.3071,-5.1124,-0.70718,5.2296,-2.0568,-4.4255,0.7056,-0.64134,0.47786,0.51898
35,-72.752,-124.41,-6.2363,-5.1044,-0.62828,5.2878,-2.0614,-4.415,0.71055,-0.64182,0.44973,0.54386
35.1,-72.959,-124.85,-6.165,-5.1051,-0.55074,5.3431,-2.067,-4.4048,0.7151,-0.64231,0.42034,0.56727
35.2,-73.166,-125.29,-6.0933,-5.1133,-0.47515,5.3969,-2.0735,-4.3951,0.71922,-0.64279,0.38977,0.58914
35.3,-73.373,-125.73,-6.0211,-5.1283,-0.40204,5.4505,-2.0808,-4.3859,0.72286,-0.64326,0.3581,0.60942
35.4,-73.582,-126.17,-5.9487,-5.1497,-0.33197,5.5048,-2.0889,-4.3773,0.72601,-0.64374,0.32541,0.62806
35.5,-73.791,-126.61,-5.876,-5.1769,-0.26549,5.5605,-2.0976,-4.3694,0.72863,-0.64421,0.29179,0.64499
35.6,-74.001,-127.04,-5.803,-5.2097,-0.20317,5.6182,-2.107,-4.3621,0.73071,-0.64467,0.25732,0.66017
35.7,-74.213,-127.48,-5.7298,-5.248,-0.14563,5.6783,-2.1169,-4.3556,0.73225,-0.64514,0.22209,0.67355
35.8,-74.425,-127.92,-5.6566,-5.2914,-0.09347,5.7411,-2.1272,-4.3499,0.73322,-0.6456,0.1862,0.6851
35.9,-74.638,-128.35,-5.5832,-5.3397,-0.047318,5.8067,-2.1379,-4.3449,0.73363,-0.64605,0.14975,0.69478
36,-74.852,-128.79,-5.5099,-5.3924,-0.0077997,5.8752,-2.1489,-4.3408,0.73349,-0.64651,0.11282,0.70256
36.1,-75.068,-129.22,-5.4365,-5.4492,0.024503,5.9463,-2.16,-4.3375,0.73279,-0.64696,0.075519,0.70842
36.2,-75.284,-129.65,-5.3633,-5.5094,0.049062,6.0196,-2.1712,-4.3351,0.73155,-0.64741,0.037947,0.71234
36.3,-75.502,-130.09,-5.2902,-5.5721,0.065438,6.0946,-2.1824,-4.3335,0.72979,-0.64785,0.00020244,0.7143
36.4,-75.721,-130.52,-5.2174,-5.6366,0.073308,6.1706,-2.1936,-4.3328,0.72753,-0.64829,-0.037612,0.7143
36.5,-75.941,-130.95,-5.1447,-5.7018,0.0725,6.2467,-2.2045,-4.333,0.7248,-0.64873,-0.075395,0.71232
36.6,-76.162,-131.39,-5.0724,-5.7668,0.06299,6.3222,-2.2152,-4.3339,0.72163,-0.64916,-0.11304,0.70838
36.7,-76.384,-131.82,-5.0004,-5.8306,0.044914,6.3963,-2.2256,-4.3357,0.71805,-0.64959,-0.15046,0.70248
36.8,-76.607,-132.25,-4.9288,-5.8924,0.018548,6.4681,-2.2356,-4.3382,0.71409,-0.65002,-0.18753,0.69463
36.9,-76.831,-132.69,-4.8576,-5.9513,-0.015709,6.5372,-2.2451,-4.3415,0.7098,-0.65045,-0.22416,0.68485
37,-77.056,-133.12,-4.7869,-6.0068,-0.057366,6.6032,-2.2541,-4.3455,0.70523,-0.65087,-0.26025,0.67316
37.1,-77.282,-133.56,-4.7166,-6.0585,-0.10587,6.6657,-2.2626,-4.3502,0.7004,-0.65129,-0.2957,0.65959
37.2,-77.508,-133.99,-4.6468,-6.1061,-0.16065,6.7246,-2.2704,-4.3555,0.69538,-0.6517,-0.33041,0.64418
37.3,-77.736,-134.43,-4.5775,-6.1493,-0.22111,6.78,-2.2776,-4.3614,0.69019,-0.65211,-0.36429,0.62696
37.4,-77.964,-134.86,-4.5088,-6.188,-0.28668,6.8321,-2.2841,-4.3678,0.6849,-0.65252,-0.39724,0.60798
37.5,-78.193,-135.3,-4.4405,-6.2221,-0.3568,6.8811,-2.2898,-4.3746,0.67954,-0.65293,-0.42916,0.58729
37.6,-78.422,-135.74,-4.3729,-6.2516,-0.43096,6.9275,-2.2949,-4.3819,0.67416,-0.65333,-0.45998,0.56494
37.7,-78.652,-136.18,-4.3057,-6.2762,-0.50868,6.9717,-2.2992,-4.3896,0.66881,-0.65373,-0.48959,0.54098
37.8,-78.882,-136.62,-4.2391,-6.2958,-0.5895,7.0143,-2.3028,-4.3975,0.66353,-0.65412,-0.51793,0.51549
37.9,-79.112,-137.06,-4.173,-6.31,-0.67301,7.0562,-2.3056,-4.4058,0.65835,-0.65451,-0.5449,0.48852
38,-79.343,-137.5,-4.1074,-6.318,-0.75879,7.0984,-2.3077,-4.4142,0.65332,-0.6549,-0.57043,0.46016
38.1,-79.574,-137.94,-4.0423,-6.3189,-0.84644,7.1424,-2.309,-4.4228,0.64848,-0.65529,-0.59445,0.43047
38.2,-79.805,-138.38,-3.9777,-6.3105,-0.93553,7.1904,-2.3097,-4.4315,0.64386,-0.65567,-0.61689,0.39954
38.3,-80.036,-138.83,-3.9136,-6.2897,-1.0255,7.2461,-2.3096,-4.4403,0.63949,-0.65605,-0.63768,0.36745
38.4,-80.266,-139.27,-3.8498,-6.2505,-1.1158,7.3157,-2.3089,-4.449,0.6354,-0.65643,-0.65677,0.33429
38.5,-80.497,-139.72,-3.7865,-6.1807,-1.2051,7.4115,-2.3076,-4.4578,0.63161,-0.6568,-0.67409,0.30014
38.6,-80.728,-140.16,-3.7235,-6.0546,-1.2911,7.5595,-2.3056,-4.4665,0.62814,-0.65717,-0.6896,0.26511
38.7,-80.958,-140.61,-3.6608,-5.8113,-1.3678,7.8208,-2.3031,-4.475,0.62502,-0.65754,-0.70324,0.22928
38.8,-81.189,-141.06,-3.5985,-5.3362,-1.4187,8.31,-2.3001,-4.4835,0.62226,-0.6579,-0.71498,0.19275
38.9,-81.418,-141.51,-3.5364,-4.6915,-1.4142,8.965,-2.2966,-4.4917,0.61986,-0.65826,-0.72479,0.15563
39,-81.648,-141.96,-3.4745,-4.248,-1.3572,9.415,-2.2926,-4.4998,0.61785,-0.65862,-0.73262,0.11802
39.1,-81.877,-142.41,-3.4128,-4.0181,-1.2765,9.6477,-2.2882,-4.5076,0.61621,-0.65897,-0.73846,0.080021
39.2,-82.105,-142.86,-3.3512,-3.8909,-1.1867,9.7739,-2.2835,-4.5152,0.61497,-0.65932,-0.74229,0.041738
39.3,-82.334,-143.31,-3.2898,-3.8118,-1.0929,9.8481,-2.2784,-4.5225,0.61411,-0.65967,-0.74409,0.0032783
39.4,-82.561,-143.76,-3.2284,-3.7572,-0.99727,9.8938,-2.2731,-4.5296,0.61364,-0.66001,-0.74384,-0.03525
39.5,-82.788,-144.21,-3.167,-3.7161,-0.90079,9.9217,-2.2675,-4.5364,0.61354,-0.66035,-0.74156,-0.073739
39.6,-83.015,-144.67,-3.1057,-3.6827,-0.8041,9.9376,-2.2616,-4.5428,0.61382,-0.66069,-0.73725,-0.11208
39.7,-83.24,-145.12,-3.0443,-3.6536,-0.7076,9.9445,-2.2557,-4.549,0.61446,-0.66102,-0.7309,-0.15017
39.8,-83.466,-145.58,-2.9828,-3.6267,-0.61167,9.9441,-2.2495,-4.5549,0.61545,-0.66136,-0.72254,-0.18789
39.9,-83.69,-146.03,-2.9212,-3.6005,-0.51661,9.9374,-2.2433,-4.5604,0.61679,-0.66168,-0.71218,-0.22515
40,-83.914,-146.49,-2.8594,-3.5741,-0.42274,9.925,-2.2369,-4.5656,0.61845,-0.66201,-0.69985,-0.26183
40.1,-84.138,-146.95,-2.7975,-3.5465,-0.3304,9.9071,-2.2306,-4.5705,0.62043,-0.66233,-0.68559,-0.29783
40.2,-84.361,-147.4,-2.7353,-3.517,-0.23995,9.8839,-2.2241,-4.5751,0.62271,-0.66265,-0.66943,-0.33305
40.3,-84.583,-147.86,-2.6729,-3.485,-0.1518,9.855,-2.2177,-4.5794,0.62528,-0.66296,-0.6514,-0.36738
40.4,-84.804,-148.32,-2.6102,-3.4499,-0.066404,9.8204,-2.2113,-4.5834,0.62811,-0.66327,-0.63157,-0.40074
40.5,-85.025,-148.78,-2.5473,-3.4109,0.015694,9.7797,-2.205,-4.587,0.63121,-0.66358,-0.60998,-0.43302
40.6,-85.245,-149.24,-2.484,-3.3676,0.093888,9.7324,-2.1987,-4.5903,0.63454,-0.66389,-0.58669,-0.46413
40.7,-85.465,-149.7,-2.4204,-3.3193,0.16748,9.6781,-2.1924,-4.5934,0.63811,-0.66419,-0.56177,-0.49398
40.8,-85.684,-150.16,-2.3564,-3.2656,0.23567,9.6165,-2.1863,-4.5961,0.64188,-0.66449,-0.53527,-0.52249
40.9,-85.902,-150.62,-2.292,-3.2061,0.29758,9.5471,-2.1802,-4.5985,0.64586,-0.66478,-0.50728,-0.54956
41,-86.12,-151.08,-2.2272,-3.1405,0.35226,9.4699,-2.1743,-4.6006,0.65001,-0.66508,-0.47788,-0.57513
41.1,-86.337,-151.54,-2.162,-3.0692,0.39873,9.3849,-2.1685,-4.6024,0.65434,-0.66537,-0.44713,-0.59912
41.2,-86.553,-152,-2.0963,-2.9927,0.43601,9.2928,-2.1629,-4.604,0.65883,-0.66565,-0.41513,-0.62145
41.3,-86.769,-152.46,-2.0302,-2.912,0.46325,9.1945,-2.1574,-4.6052,0.66346,-0.66593,-0.38197,-0.64207
41.4,-86.985,-152.92,-1.9636,-2.8288,0.4798,9.0914,-2.1521,-4.6062,0.66823,-0.66621,-0.34774,-0.6609
41.5,-87.2,-153.38,-1.8965,-2.7451,0.48531,8.9856,-2.1469,-4.6068,0.67311,-0.66649,-0.31253,-0.6779
41.6,-87.414,-153.84,-1.829,-2.6631,0.47976,8.8789,-2.142,-4.6072,0.6781,-0.66676,-0.27644,-0.69301
41.7,-87.628,-154.3,-1.7609,-2.585,0.46351,8.7734,-2.1372,-4.6073,0.68319,-0.66703,-0.23958,-0.70619
41.8,-87.842,-154.76,-1.6923,-2.5126,0.43725,8.6706,-2.1327,-4.6072,0.68836,-0.6673,-0.20205,-0.71739
41.9,-88.055,-155.22,-1.6232,-2.4475,0.40193,8.5718,-2.1284,-4.6067,0.6936,-0.66756,-0.16395,-0.72659
42,-88.267,-155.68,-1.5536,-2.3906,0.35864,8.4776,-2.1243,-4.606,0.6989,-0.66782,-0.1254,-0.73375
42.1,-88.48,-156.14,-1.4835,-2.3426,0.30855,8.3881,-2.1205,-4.6051,0.70425,-0.66808,-0.086493,-0.73885
42.2,-88.691,-156.6,-1.4128,-2.3036,0.25283,8.3033,-2.117,-4.6039,0.70963,-0.66833,-0.047351,-0.74188
42.3,-88.903,-157.06,-1.3415,-2.2738,0.19263,8.2224,-2.1138,-4.6025,0.71503,-0.66858,-0.0080828,-0.74281
42.4,-89.114,-157.52,-1.2698,-2.253,0.12902,8.1447,-2.1108,-4.6008,0.72043,-0.66883,0.0312,-0.74165
42.5,-89.325,-157.98,-1.1975,-2.2411,0.063018,8.0695,-2.1082,-4.599,0.72582,-0.66907,0.070385,-0.7384
42.6,-89.536,-158.44,-1.1246,-2.2381,-0.0043955,7.9958,-2.1058,-4.5969,0.73119,-0.66931,0.10936,-0.73306
42.7,-89.746,-158.9,-1.0512,-2.2439,-0.072282,7.9226,-2.1038,-4.5946,0.73651,-0.66955,0.14801,-0.72565
42.8,-89.957,-159.36,-0.9773,-2.2585,-0.13971,7.8489,-2.1022,-4.5922,0.74178,-0.66978,0.18623,-0.71618
42.9,-90.167,-159.82,-0.90286,-2.2822,-0.20573,7.7737,-2.1009,-4.5896,0.74698,-0.67002,0.22391,-0.70468
43,-90.377,-160.28,-0.82791,-2.3152,-0.26935,7.6961,-2.0999,-4.5869,0.75209,-0.67024,0.26094,-0.69118
43.1,-90.587,-160.74,-0.75245,-2.3576,-0.32954,7.6151,-2.0993,-4.584,0.75709,-0.67047,0.2972,-0.67572
43.2,-90.797,-161.2,-0.67649,-2.4098,-0.38519,7.5301,-2.099,-4.5811,0.76196,-0.67069,0.33261,-0.65834
43.3,-91.007,-161.65,-0.60006,-2.4717,-0.43513,7.4404,-2.0991,-4.578,0.76669,-0.67091,0.36705,-0.63908
43.4,-91.216,-162.11,-0.52316,-2.5433,-0.47816,7.346,-2.0995,-4.5749,0.77126,-0.67112,0.40042,-0.61801
43.5,-91.426,-162.57,-0.44581,-2.6238,-0.51306,7.2469,-2.1004,-4.5718,0.77566,-0.67133,0.43263,-0.59518
43.6,-91.637,-163.03,-0.36803,-2.7123,-0.53872,7.1441,-2.1015,-4.5686,0.77986,-0.67154,0.46358,-0.57064
43.7,-91.847,-163.48,-0.28985,-2.8071,-0.55423,7.039,-2.103,-4.5655,0.78385,-0.67175,0.49319,-0.54448
43.8,-92.057,-163.94,-0.21127,-2.9061,-0.55894,6.9336,-2.1048,-4.5624,0.78762,-0.67195,0.52136,-0.51677
43.9,-92.268,-164.4,-0.13233,-3.0069,-0.55259,6.8301,-2.1069,-4.5594,0.79115,-0.67215,0.54802,-0.48758
44,-92.479,-164.85,-0.053051,-3.1072,-0.53534,6.7308,-2.1094,-4.5564,0.79442,-0.67234,0.57308,-0.457
44.1,-92.69,-165.31,0.026544,-3.2049,-0.50771,6.638,-2.1121,-4.5535,0.79744,-0.67253,0.59648,-0.42511
44.2,-92.901,-165.76,0.10643,-3.2986,-0.47051,6.553,-2.115,-4.5508,0.80018,-0.67272,0.61814,-0.39201
44.3,-93.113,-166.22,0.18657,-3.3872,-0.42478,6.4771,-2.1182,-4.5482,0.80263,-0.67291,0.63799,-0.35779
44.4,-93.325,-166.67,0.26694,-3.4705,-0.37162,6.4107,-2.1216,-4.5458,0.8048,-0.67309,0.65599,-0.32255
44.5,-93.537,-167.13,0.34752,-3.5485,-0.31214,6.354,-2.1252,-4.5435,0.80667,-0.67327,0.67208,-0.28639
44.6,-93.75,-167.58,0.42827,-3.6218,-0.24742,6.307,-2.1289,-4.5414,0.80824,-0.67345,0.68621,-0.24941
44.7,-93.963,-168.03,0.50916,-3.691,-0.17846,6.2692,-2.1327,-4.5396,0.80952,-0.67362,0.69833,-0.21172
44.8,-94.176,-168.49,0.59016,-3.757,-0.10618,6.2406,-2.1367,-4.5379,0.81049,-0.67379,0.70841,-0.17343
44.9,-94.39,-168.94,0.67125,-3.8207,-0.031436,6.2208,-2.1407,-4.5365,0.81117,-0.67395,0.71643,-0.13465
45,-94.604,-169.4,0.75239,-3.883,0.044976,6.2097,-2.1447,-4.5353,0.81157,-0.67412,0.72235,-0.095495
45.1,-94.819,-169.85,0.83355,-3.945,0.12229,6.2073,-2.1487,-4.5343,0.81168,-0.67428,0.72616,-0.056072
45.2,-95.034,-170.3,0.91471,-4.0077,0.19976,6.2137,-2.1527,-4.5336,0.81152,-0.67443,0.72784,-0.016499
45.3,-95.25,-170.76,0.99585,-4.0723,0.27661,6.2293,-2.1566,-4.5331,0.81109,-0.67459,0.72739,0.023109
45.4,-95.465,-171.21,1.0769,-4.14,0.35201,6.2545,-2.1604,-4.5329,0.81042,-0.67474,0.72481,0.062637
45.5,-95.682,-171.66,1.1579,-4.2121,0.42506,6.2901,-2.164,-4.5328,0.80952,-0.67489,0.72011,0.10197
45.6,-95.898,-172.12,1.2388,-4.2897,0.49473,6.3368,-2.1676,-4.533,0.80841,-0.67503,0.7133,0.14099
45.7,-96.115,-172.57,1.3196,-4.3743,0.55987,6.3954,-2.1709,-4.5334,0.8071,-0.67517,0.70439,0.17959
45.8,-96.332,-173.02,1.4002,-4.4671,0.61913,6.4669,-2.1741,-4.534,0.80561,-0.67531,0.69342,0.21766
45.9,-96.55,-173.48,1.4807,-4.5687,0.67102,6.5518,-2.177,-4.5348,0.80396,-0.67544,0.68041,0.25507
46,-96.768,-173.93,1.561,-4.6794,0.71394,6.6499,-2.1797,-4.5357,0.80218,-0.67557,0.6654,0.29173
46.1,-96.986,-174.38,1.6411,-4.7982,0.7463,6.7602,-2.1822,-4.5368,0.80028,-0.6757,0.64844,0.32753
46.2,-97.204,-174.84,1.7211,-4.923,0.7667,6.8805,-2.1844,-4.538,0.7983,-0.67582,0.62957,0.36235
46.3,-97.423,-175.29,1.8008,-5.0504,0.77417,7.0072,-2.1863,-4.5394,0.79624,-0.67594,0.60885,0.39611
46.4,-97.641,-175.75,1.8803,-5.176,0.76838,7.1361,-2.188,-4.5408,0.79414,-0.67606,0.58633,0.42869
46.5,-97.86,-176.2,1.9596,-5.2955,0.74971,7.2629,-2.1894,-4.5423,0.79201,-0.67618,0.56209,0.46001
46.6,-98.079,-176.65,2.0387,-5.4055,0.71916,7.3842,-2.1905,-4.5439,0.78988,-0.67629,0.53619,0.48997
46.7,-98.298,-177.11,2.1176,-5.5035,0.67818,7.4977,-2.1913,-4.5455,0.78777,-0.6764,0.50871,0.51848
46.8,-98.518,-177.56,2.1963,-5.5883,0.62842,7.6026,-2.1919,-4.5472,0.78569,-0.6765,0.47973,0.54546
46.9,-98.737,-178.02,2.2747,-5.66,0.57153,7.699,-2.1922,-4.5488,0.78366,-0.6766,0.44934,0.57083
47,-98.956,-178.47,2.353,-5.719,0.50908,7.7877,-2.1923,-4.5504,0.7817,-0.6767,0.41762,0.59452
47.1,-99.175,-178.93,2.4311,-5.766,0.44246,7.8699,-2.1922,-4.552,0.77983,-0.6768,0.38466,0.61645
47.2,-99.394,-179.38,2.509,-5.802,0.3729,7.9469,-2.1919,-4.5535,0.77805,-0.67689,0.35057,0.63656
47.3,-99.614,-179.84,2.5867,-5.8278,0.30151,8.02,-2.1913,-4.555,0.77638,-0.67698,0.31544,0.6548
47.4,-99.833,-180.29,2.6643,-5.8439,0.22926,8.0906,-2.1906,-4.5564,0.77483,-0.67706,0.27937,0.6711
47.5,-100.05,-180.75,2.7417,-5.8511,0.15706,8.1599,-2.1898,-4.5577,0.77341,-0.67715,0.24248,0.68541
47.6,-100.27,-181.21,2.8189,-5.8496,0.085797,8.2289,-2.1888,-4.559,0.77212,-0.67722,0.20486,0.69771
47.7,-100.49,-181.66,2.8961,-5.8396,0.016309,8.2988,-2.1877,-4.5601,0.77096,-0.6773,0.16664,0.70794
47.8,-100.71,-182.12,2.9731,-5.8214,-0.050531,8.3704,-2.1865,-4.5611,0.76994,-0.67737,0.12792,0.71608
47.9,-100.93,-182.57,3.0501,-5.7949,-0.11383,8.4445,-2.1852,-4.5621,0.76905,-0.67744,0.088822,0.72211
48,-101.15,-183.03,3.127,-5.7603,-0.17265,8.5219,-2.1839,-4.5629,0.7683,-0.67751,0.049454,0.726
48.1,-101.36,-183.49,3.2038,-5.7177,-0.226,8.6031,-2.1826,-4.5636,0.76768,-0.67757,0.0099347,0.72775
48.2,-101.58,-183.94,3.2805,-5.6672,-0.27289,8.6884,-2.1813,-4.5642,0.76718,-0.67763,-0.029619,0.72734
48.3,-101.8,-184.4,3.3572,-5.6095,-0.3123,8.7777,-2.18,-4.5647,0.7668,-0.67769,-0.06909,0.72479
48.4,-102.02,-184.86,3.4339,-5.5452,-0.34327,8.8708,-2.1787,-4.5651,0.76653,-0.67774,-0.10836,0.7201
48.5,-102.24,-185.31,3.5105,-5.4754,-0.36492,8.9667,-2.1774,-4.5654,0.76637,-0.67779,-0.14732,0.71327
48.6,-102.45,-185.77,3.5871,-5.4016,-0.37659,9.0644,-2.1762,-4.5656,0.76629,-0.67784,-0.18585,0.70434
48.7,-102.67,-186.23,3.6638,-5.3255,-0.37784,9.1624,-2.1751,-4.5658,0.7663,-0.67788,-0.22383,0.69333
48.8,-102.89,-186.68,3.7404,-5.2488,-0.36852,9.2591,-2.1741,-4.5659,0.76637,-0.67792,-0.26115,0.68026
48.9,-103.11,-187.14,3.817,-5.1734,-0.34879,9.3529,-2.1731,-4.5659,0.76651,-0.67796,-0.29771,0.66518
49,-103.32,-187.59,3.8937,-5.1008,-0.31905,9.4425,-2.1723,-4.5659,0.76668,-0.67799,-0.3334,0.64814
49.1,-103.54,-188.05,3.9704,-5.0322,-0.27996,9.5267,-2.1715,-4.5658,0.76689,-0.67802,-0.3681,0.62917
49.2,-103.76,-188.51,4.0471,-4.9685,-0.2323,9.6048,-2.1709,-4.5657,0.76713,-0.67805,-0.40172,0.60835
49.3,-103.97,-188.96,4.1238,-4.91,-0.17693,9.6764,-2.1703,-4.5656,0.76737,-0.67808,-0.43416,0.58573
49.4,-104.19,-189.42,4.2006,-4.857,-0.11473,9.7415,-2.1698,-4.5655,0.76761,-0.6781,-0.46532,0.56137
49.5,-104.41,-189.88,4.2773,-4.8094,-0.046525,9.8003,-2.1694,-4.5654,0.76784,-0.67811,-0.4951,0.53535
49.6,-104.63,-190.33,4.3541,-4.767,0.026885,9.8529,-2.1692,-4.5653,0.76804,-0.67813,-0.52343,0.50775
49.7,-104.84,-190.79,4.4309,-4.7293,0.1048,9.8998,-2.1689,-4.5652,0.76822,-0.67814,-0.55021,0.47864
49.8,-105.06,-191.25,4.5078,-4.6962,0.18658,9.9414,-2.1688,-4.5651,0.76835,-0.67815,-0.57537,0.44812
49.9,-105.28,-191.7,4.5846,-4.667,0.27167,9.978,-2.1687,-4.5651,0.76844,-0.67815,-0.59883,0.41627
50,-105.49,-192.16,4.6615,-4.6416,0.35959,10.01,-2.1687,-4.5651,0.76847,-0.67815,-0.62053,0.38319
